[
  {
    "id": "c9bcce21-951b-4c13-b39f-aa2b84c38f59",
    "data": [
      {
        "text": "quais os grupos de risco da covid19?",
        "userDefined": false
      }
    ],
    "isTemplate": false,
    "count": 0,
    "updated": 0
  },
  {
    "id": "e01a68b1-d1a6-43cf-9b75-32d2fafc77f9",
    "data": [
      {
        "text": "quais são os grupos de risco da doença?",
        "userDefined": false
      }
    ],
    "isTemplate": false,
    "count": 0,
    "updated": 0
  },
  {
    "id": "47d10bed-69f2-408d-ae19-f185689ad01b",
    "data": [
      {
        "text": "quais os grupos de risco?",
        "userDefined": false
      }
    ],
    "isTemplate": false,
    "count": 0,
    "updated": 0
  },
  {
    "id": "f5851524-67ec-4061-9d18-bc965896fc9b",
    "data": [
      {
        "text": "como sei se estou no grupo de risco",
        "userDefined": false
      }
    ],
    "isTemplate": false,
    "count": 0,
    "updated": 0
  },
  {
    "id": "f33d5d19-83a8-460e-aef5-c97355a5e0fb",
    "data": [
      {
        "text": "estou no grupo de risco?",
        "userDefined": false
      }
    ],
    "isTemplate": false,
    "count": 0,
    "updated": 0
  },
  {
    "id": "8d98a462-1eac-41ed-90b0-f3a926076c66",
    "data": [
      {
        "text": "Como a gente sabe se está no grupo de risco?",
        "userDefined": false
      }
    ],
    "isTemplate": false,
    "count": 0,
    "updated": 0
  }
]