[
  {
    "id": "f36fe525-7187-4126-9174-62a60e248f3e",
    "data": [
      {
        "text": "meu pet",
        "meta": "@sys.ignore",
        "userDefined": false
      },
      {
        "text": " tem de usar máscara?",
        "userDefined": false
      }
    ],
    "isTemplate": false,
    "count": 0,
    "updated": 0
  },
  {
    "id": "9dd3d296-c5ad-454f-b09d-2ac13b0f183a",
    "data": [
      {
        "text": "Devo colocar ",
        "userDefined": false
      },
      {
        "text": "uma",
        "meta": "@sys.ignore",
        "userDefined": false
      },
      {
        "text": " máscara no meu cão se ele estiver doente?",
        "userDefined": false
      }
    ],
    "isTemplate": false,
    "count": 0,
    "updated": 0
  }
]