[
  {
    "id": "b9a42c5b-9eab-4691-91b1-6b93b8d72c34",
    "data": [
      {
        "text": "Posso praticar corrida na ",
        "userDefined": false
      },
      {
        "text": "rua?",
        "meta": "@sys.ignore",
        "userDefined": false
      }
    ],
    "isTemplate": false,
    "count": 0,
    "updated": 0
  },
  {
    "id": "e9672e53-f579-4bc4-af02-29deaec88692",
    "data": [
      {
        "text": "Posso fazer caminhada na ",
        "userDefined": false
      },
      {
        "text": "rua?",
        "meta": "@sys.ignore",
        "userDefined": false
      }
    ],
    "isTemplate": false,
    "count": 0,
    "updated": 0
  }
]