[
  {
    "id": "6e4fc1fd-8909-4524-bfbb-d4a756da1ded",
    "data": [
      {
        "text": "me mostre as opções do que você pode fazer?",
        "userDefined": false
      }
    ],
    "isTemplate": false,
    "count": 0,
    "updated": 0
  },
  {
    "id": "9ddac8be-3c81-447f-9fac-40aca069d931",
    "data": [
      {
        "text": "ajuda",
        "meta": "@sys.ignore",
        "userDefined": false
      }
    ],
    "isTemplate": false,
    "count": 0,
    "updated": 0
  },
  {
    "id": "bc55d758-65c9-4d4e-8ef6-302931054a13",
    "data": [
      {
        "text": "pode me ajudar?",
        "userDefined": false
      }
    ],
    "isTemplate": false,
    "count": 0,
    "updated": 0
  },
  {
    "id": "bc6a7f11-017b-4e2b-9a28-b91a9c43f53b",
    "data": [
      {
        "text": "preciso de ",
        "userDefined": false
      },
      {
        "text": "ajuda",
        "meta": "@sys.ignore",
        "userDefined": false
      }
    ],
    "isTemplate": false,
    "count": 0,
    "updated": 0
  }
]