[
  {
    "id": "7bace24f-276c-479d-8744-70c2337b6455",
    "data": [
      {
        "text": "oito",
        "userDefined": false
      }
    ],
    "isTemplate": false,
    "count": 0,
    "lang": "pt-br",
    "updated": 0
  },
  {
    "id": "f4c61d6d-3f03-4809-83d0-81eec3d59af2",
    "data": [
      {
        "text": "8",
        "userDefined": false
      }
    ],
    "isTemplate": false,
    "count": 0,
    "lang": "pt-br",
    "updated": 0
  },
  {
    "id": "1f7bf7d3-6c42-42d7-a1b0-23e0289f260f",
    "data": [
      {
        "text": "8.",
        "userDefined": false
      }
    ],
    "isTemplate": false,
    "count": 0,
    "lang": "pt-br",
    "updated": 0
  }
]