[
  {
    "data": [
      {
        "text": "posso fazer o pré-",
        "userDefined": false
      },
      {
        "text": "natal mesmo com",
        "meta": "@sys.ignore",
        "userDefined": false
      },
      {
        "text": " sintomas de gripe?",
        "userDefined": false
      }
    ],
    "isTemplate": false,
    "count": 0,
    "lang": "pt-br",
    "updated": 0
  },
  {
    "data": [
      {
        "text": "posso fazer o pré-",
        "userDefined": false
      },
      {
        "text": "natal",
        "meta": "@sys.ignore",
        "userDefined": false
      },
      {
        "text": " mesmo estando gripada?",
        "userDefined": false
      }
    ],
    "isTemplate": false,
    "count": 0,
    "lang": "pt-br",
    "updated": 0
  },
  {
    "data": [
      {
        "text": "Se estiver gripada, devo realizar minha consulta de pré-",
        "userDefined": false
      },
      {
        "text": "natal",
        "meta": "@sys.ignore",
        "userDefined": false
      },
      {
        "text": " normalmente?",
        "userDefined": false
      }
    ],
    "isTemplate": false,
    "count": 0,
    "lang": "pt-br",
    "updated": 0
  }
]