[
  {
    "id": "ddaa161b-5873-4470-881e-f9f1be8716f5",
    "data": [
      {
        "text": "Como devo utilizar ",
        "userDefined": false
      },
      {
        "text": "o transporte",
        "meta": "@sys.ignore",
        "userDefined": false
      },
      {
        "text": " público?",
        "userDefined": false
      }
    ],
    "isTemplate": false,
    "count": 0,
    "updated": 0
  },
  {
    "id": "d3c3c1d4-606d-49d0-8a6c-ccc3808f4cfc",
    "data": [
      {
        "text": "Como me manter salvo no ônibus?",
        "userDefined": false
      }
    ],
    "isTemplate": false,
    "count": 0,
    "updated": 0
  },
  {
    "id": "c2bc39c0-e604-4d72-80b7-0963f8e67d53",
    "data": [
      {
        "text": "O que devo fazer ao utilizar ",
        "userDefined": false
      },
      {
        "text": "o transporte",
        "meta": "@sys.ignore",
        "userDefined": false
      },
      {
        "text": " público?",
        "userDefined": false
      }
    ],
    "isTemplate": false,
    "count": 0,
    "updated": 0
  }
]