[
  {
    "id": "ed81fc6a-9dd2-4603-82f5-76253e5894ce",
    "data": [
      {
        "text": "quantas pessoas morrem de covid-",
        "userDefined": false
      },
      {
        "text": "19",
        "meta": "@sys.ignore",
        "userDefined": false
      },
      {
        "text": "?",
        "userDefined": false
      }
    ],
    "isTemplate": false,
    "count": 0,
    "updated": 0
  },
  {
    "id": "0d371b2b-3c9b-4c7e-991d-35562f1a5b82",
    "data": [
      {
        "text": "quantas pessoas morrem por covid19?",
        "userDefined": false
      }
    ],
    "isTemplate": false,
    "count": 0,
    "updated": 0
  },
  {
    "id": "c234b380-401b-46a5-9656-13e9f2b6776a",
    "data": [
      {
        "text": "Qual a taxa de mortalidade associada à doença causada pelo coronavírus?",
        "userDefined": false
      }
    ],
    "isTemplate": false,
    "count": 0,
    "updated": 0
  }
]