[
  {
    "id": "10063f2a-24bc-4d07-82cf-ef673c64ee08",
    "data": [
      {
        "text": "quatro",
        "meta": "@sys.ignore",
        "userDefined": false
      }
    ],
    "isTemplate": false,
    "count": 0,
    "updated": 0
  },
  {
    "id": "17ae2c96-566f-4c5c-b7c6-80d68aad22d2",
    "data": [
      {
        "text": "4",
        "meta": "@sys.ignore",
        "userDefined": false
      }
    ],
    "isTemplate": false,
    "count": 0,
    "updated": 0
  },
  {
    "id": "cff2477f-ce6f-44f6-9956-d1c6fcc5af1c",
    "data": [
      {
        "text": "4",
        "meta": "@sys.ignore",
        "userDefined": false
      },
      {
        "text": ".",
        "userDefined": false
      }
    ],
    "isTemplate": false,
    "count": 0,
    "updated": 0
  }
]