[
  {
    "id": "ad0b29d9-47f1-4e44-8a54-d1821da07324",
    "data": [
      {
        "text": "anti-inflamatórios são ",
        "userDefined": false
      },
      {
        "text": "um",
        "meta": "@sys.ignore",
        "userDefined": false
      },
      {
        "text": " tratamento eficaz contra o coronavírus?",
        "userDefined": false
      }
    ],
    "isTemplate": false,
    "count": 0,
    "updated": 0
  },
  {
    "id": "e1abbeaa-d8a6-464a-8e41-4bb72c74d0a0",
    "data": [
      {
        "text": "Uma pessoa que esteja com",
        "meta": "@sys.ignore",
        "userDefined": false
      },
      {
        "text": " infecção suspeita ou confirmada por coronavírus pode usar anti-inflamatório?",
        "userDefined": false
      }
    ],
    "isTemplate": false,
    "count": 0,
    "updated": 0
  }
]