[
  {
    "id": "fe3c923c-e565-41c9-a9b3-5d00e92c0167",
    "data": [
      {
        "text": "quanto tempo posso usar a máscara cirúrgica?",
        "userDefined": false
      }
    ],
    "isTemplate": false,
    "count": 0,
    "updated": 0
  },
  {
    "id": "3e24a954-4007-453f-bc06-bc3a88dd2077",
    "data": [
      {
        "text": "qual é a validade da máscara cirúrgica?",
        "userDefined": false
      }
    ],
    "isTemplate": false,
    "count": 0,
    "updated": 0
  },
  {
    "id": "c1cd6ef7-ddde-4222-b44c-d8160aa3c761",
    "data": [
      {
        "text": "Posso usar a mesma máscara cirúrgica por quanto tempo?",
        "userDefined": false
      }
    ],
    "isTemplate": false,
    "count": 0,
    "updated": 0
  }
]