[
  {
    "id": "3119fe4e-5dc8-43da-872d-dc3cbc2c92c9",
    "data": [
      {
        "text": "posso amamentar um bebê mesmo com",
        "meta": "@sys.ignore",
        "userDefined": false
      },
      {
        "text": " ",
        "userDefined": false
      },
      {
        "text": "corona",
        "meta": "@sys.ignore",
        "userDefined": false
      },
      {
        "text": "?",
        "userDefined": false
      }
    ],
    "isTemplate": false,
    "count": 0,
    "updated": 0
  },
  {
    "id": "5b6a56f6-1a64-43d8-b33a-0257e925b808",
    "data": [
      {
        "text": "Uma ",
        "userDefined": false
      },
      {
        "text": "mulher",
        "meta": "@sys.ignore",
        "userDefined": false
      },
      {
        "text": " com a COVID-",
        "userDefined": false
      },
      {
        "text": "19",
        "meta": "@sys.ignore",
        "userDefined": false
      },
      {
        "text": " pode continuar amamentando?",
        "userDefined": false
      }
    ],
    "isTemplate": false,
    "count": 0,
    "updated": 0
  }
]