[
  {
    "id": "b1e9f999-9048-41b6-8fce-744a84361d60",
    "data": [
      {
        "text": "oito",
        "meta": "@sys.ignore",
        "userDefined": false
      }
    ],
    "isTemplate": false,
    "count": 0,
    "updated": 0
  },
  {
    "id": "750ba649-ef7a-4c2c-ac10-a3801bd39d56",
    "data": [
      {
        "text": "8",
        "meta": "@sys.ignore",
        "userDefined": false
      }
    ],
    "isTemplate": false,
    "count": 0,
    "updated": 0
  },
  {
    "id": "87cb927a-04fe-4658-9ea9-f1a4764d81b1",
    "data": [
      {
        "text": "8",
        "meta": "@sys.ignore",
        "userDefined": false
      },
      {
        "text": ".",
        "userDefined": false
      }
    ],
    "isTemplate": false,
    "count": 0,
    "updated": 0
  }
]