[
  {
    "data": [
      {
        "text": "Posso limpar a casa com",
        "meta": "@sys.ignore",
        "userDefined": false
      },
      {
        "text": " ",
        "userDefined": false
      },
      {
        "text": "água",
        "meta": "@sys.ignore",
        "userDefined": false
      },
      {
        "text": " sanitária?",
        "userDefined": false
      }
    ],
    "isTemplate": false,
    "count": 0,
    "lang": "pt-br",
    "updated": 0
  },
  {
    "data": [
      {
        "text": "Posso utilizar ",
        "userDefined": false
      },
      {
        "text": "água",
        "meta": "@sys.ignore",
        "userDefined": false
      },
      {
        "text": " sanitária ",
        "userDefined": false
      },
      {
        "text": "para",
        "meta": "@sys.ignore",
        "userDefined": false
      },
      {
        "text": " fazer ",
        "userDefined": false
      },
      {
        "text": "a limpeza",
        "meta": "@sys.ignore",
        "userDefined": false
      },
      {
        "text": " das superfícies?",
        "userDefined": false
      }
    ],
    "isTemplate": false,
    "count": 0,
    "lang": "pt-br",
    "updated": 0
  }
]