[
  {
    "id": "82a25015-46f0-497a-93bd-73a7bdf3ff16",
    "data": [
      {
        "text": "cinco",
        "meta": "@sys.ignore",
        "userDefined": false
      }
    ],
    "isTemplate": false,
    "count": 0,
    "updated": 0
  },
  {
    "id": "e78e4710-b1e1-428c-bb5f-9a99034ddfaf",
    "data": [
      {
        "text": "5",
        "meta": "@sys.ignore",
        "userDefined": false
      }
    ],
    "isTemplate": false,
    "count": 0,
    "updated": 0
  },
  {
    "id": "6f7e16fc-6a5c-4c3a-8961-82d20ba7e9e8",
    "data": [
      {
        "text": "5",
        "meta": "@sys.ignore",
        "userDefined": false
      },
      {
        "text": ".",
        "userDefined": false
      }
    ],
    "isTemplate": false,
    "count": 0,
    "updated": 0
  }
]