[
  {
    "id": "6acecd0a-7bc7-46a6-9706-42c81ee1b2ea",
    "data": [
      {
        "text": "10",
        "meta": "@sys.ignore",
        "userDefined": false
      },
      {
        "text": ". Uso de Máscara",
        "userDefined": false
      }
    ],
    "isTemplate": false,
    "count": 0,
    "lang": "pt-br",
    "updated": 0
  },
  {
    "id": "b54a6fbf-28dc-47fc-8a5d-b625e59edae3",
    "data": [
      {
        "text": "10",
        "meta": "@sys.ignore",
        "userDefined": false
      },
      {
        "text": ".",
        "userDefined": false
      }
    ],
    "isTemplate": false,
    "count": 0,
    "lang": "pt-br",
    "updated": 0
  },
  {
    "id": "bfcc58b0-3de6-43c7-b48e-c9010479cffe",
    "data": [
      {
        "text": "10",
        "meta": "@sys.ignore",
        "userDefined": false
      }
    ],
    "isTemplate": false,
    "count": 0,
    "lang": "pt-br",
    "updated": 0
  },
  {
    "id": "e0fc4a9e-8143-4ae2-97ce-e899be7a6aae",
    "data": [
      {
        "text": "Uso de Máscara",
        "userDefined": false
      }
    ],
    "isTemplate": false,
    "count": 0,
    "lang": "pt-br",
    "updated": 0
  }
]