[
  {
    "id": "51708695-6a45-414d-bc2b-9461f53f5e43",
    "data": [
      {
        "text": "7",
        "meta": "@sys.ignore",
        "userDefined": false
      }
    ],
    "isTemplate": false,
    "count": 0,
    "updated": 0
  },
  {
    "id": "44ab0e2a-48de-43c8-bdfb-4f74bc50637c",
    "data": [
      {
        "text": "7",
        "meta": "@sys.ignore",
        "userDefined": false
      },
      {
        "text": ".",
        "userDefined": false
      }
    ],
    "isTemplate": false,
    "count": 0,
    "updated": 0
  },
  {
    "id": "d675fe26-b4a3-4b2a-8ce7-60f29c5e9ef4",
    "data": [
      {
        "text": "Higiene das Mãos e Superfícies",
        "userDefined": false
      }
    ],
    "isTemplate": false,
    "count": 0,
    "updated": 0
  },
  {
    "id": "b35761bc-eb21-4c95-833c-522521e7c009",
    "data": [
      {
        "text": "7",
        "meta": "@sys.ignore",
        "userDefined": false
      },
      {
        "text": ". Higiene das Mãos e Superfícies",
        "userDefined": false
      }
    ],
    "isTemplate": false,
    "count": 0,
    "updated": 0
  }
]