[
  {
    "id": "d128b02a-ccf1-4a38-ab78-51b0d394b8b6",
    "data": [
      {
        "text": "dois",
        "meta": "@sys.ignore",
        "userDefined": false
      }
    ],
    "isTemplate": false,
    "count": 0,
    "updated": 0
  },
  {
    "id": "8b8adb07-1042-4532-90fa-e73861dbac7a",
    "data": [
      {
        "text": "2",
        "meta": "@sys.ignore",
        "userDefined": false
      }
    ],
    "isTemplate": false,
    "count": 0,
    "updated": 0
  },
  {
    "id": "74572302-be43-4741-b8ad-93b4829c97d1",
    "data": [
      {
        "text": "2",
        "meta": "@sys.ignore",
        "userDefined": false
      },
      {
        "text": ".",
        "userDefined": false
      }
    ],
    "isTemplate": false,
    "count": 0,
    "updated": 0
  },
  {
    "id": "b7e3580e-b526-4400-b692-57791d42903c",
    "data": [
      {
        "text": "Informações sobre a Transmissão do Vírus",
        "userDefined": false
      }
    ],
    "isTemplate": false,
    "count": 0,
    "updated": 0
  },
  {
    "id": "b9464c36-4624-490d-b52b-93e3418dcc36",
    "data": [
      {
        "text": "2",
        "meta": "@sys.ignore",
        "userDefined": false
      },
      {
        "text": ". Informações sobre a Transmissão do Vírus",
        "userDefined": false
      }
    ],
    "isTemplate": false,
    "count": 0,
    "updated": 0
  }
]