[
  {
    "id": "cd2b063b-461d-4326-9bdf-1f97b285cef6",
    "data": [
      {
        "text": "seis",
        "meta": "@sys.ignore",
        "userDefined": false
      }
    ],
    "isTemplate": false,
    "count": 0,
    "updated": 0
  },
  {
    "id": "76cb449d-6dae-4a0f-a604-63250af24ff4",
    "data": [
      {
        "text": "6",
        "meta": "@sys.ignore",
        "userDefined": false
      }
    ],
    "isTemplate": false,
    "count": 0,
    "updated": 0
  },
  {
    "id": "225c8fa8-f050-429a-b2c4-a4c9ba726f1c",
    "data": [
      {
        "text": "6",
        "meta": "@sys.ignore",
        "userDefined": false
      },
      {
        "text": ".",
        "userDefined": false
      }
    ],
    "isTemplate": false,
    "count": 0,
    "updated": 0
  }
]