[
  {
    "id": "d1412e17-52bf-49d8-84eb-f9bd9a998e26",
    "data": [
      {
        "text": "o coronavírus vive por quanto tempo em ",
        "userDefined": false
      },
      {
        "text": "casa",
        "meta": "@sys.ignore",
        "userDefined": false
      },
      {
        "text": "?",
        "userDefined": false
      }
    ],
    "isTemplate": false,
    "count": 1,
    "updated": 0
  },
  {
    "id": "fc2539ac-44a4-40a9-b5c4-8de3aad84359",
    "data": [
      {
        "text": "o coronavírus vive por quanto tempo nas superfícies?",
        "userDefined": false
      }
    ],
    "isTemplate": false,
    "count": 0,
    "updated": 0
  },
  {
    "id": "0d379bac-db9c-4fa6-9408-88ab758951bc",
    "data": [
      {
        "text": "Por quanto tempo o coronavírus permanece vivo nas diferentes superfícies?",
        "userDefined": false
      }
    ],
    "isTemplate": false,
    "count": 0,
    "updated": 0
  }
]