[
  {
    "id": "1fa8e90e-fc6a-45c0-8673-88b00866d5d2",
    "data": [
      {
        "text": "o que o coronavírus pode causar ",
        "userDefined": false
      },
      {
        "text": "numa",
        "meta": "@sys.ignore",
        "userDefined": false
      },
      {
        "text": " ",
        "userDefined": false
      },
      {
        "text": "mulher",
        "meta": "@sys.ignore",
        "userDefined": false
      },
      {
        "text": " grávida?",
        "userDefined": false
      }
    ],
    "isTemplate": false,
    "count": 0,
    "updated": 0
  },
  {
    "id": "9b9eb2e5-18f6-4a35-aa61-eebd2c98374e",
    "data": [
      {
        "text": "Quais são os efeitos da COVID-",
        "userDefined": false
      },
      {
        "text": "19",
        "meta": "@sys.ignore",
        "userDefined": false
      },
      {
        "text": " em ",
        "userDefined": false
      },
      {
        "text": "uma",
        "meta": "@sys.ignore",
        "userDefined": false
      },
      {
        "text": " ",
        "userDefined": false
      },
      {
        "text": "mulher",
        "meta": "@sys.ignore",
        "userDefined": false
      },
      {
        "text": " que está gravida?",
        "userDefined": false
      }
    ],
    "isTemplate": false,
    "count": 0,
    "updated": 0
  }
]