[
  {
    "id": "318df10c-f30b-4d08-af80-9c979a389320",
    "data": [
      {
        "text": "um",
        "meta": "@sys.ignore",
        "userDefined": false
      }
    ],
    "isTemplate": false,
    "count": 0,
    "updated": 0
  },
  {
    "id": "b46b9824-bf31-44c3-b9b0-d47aeee4f060",
    "data": [
      {
        "text": "1",
        "meta": "@sys.ignore",
        "userDefined": false
      }
    ],
    "isTemplate": false,
    "count": 0,
    "updated": 0
  },
  {
    "id": "8b8410f2-3bbf-401d-8690-38a29588298b",
    "data": [
      {
        "text": "1",
        "meta": "@sys.ignore",
        "userDefined": false
      },
      {
        "text": ".",
        "userDefined": false
      }
    ],
    "isTemplate": false,
    "count": 0,
    "updated": 0
  }
]