[
  {
    "id": "5a1876c7-9065-46a5-a6dd-e572ef6499d7",
    "data": [
      {
        "text": "como funciona o parto normal durante a pandemia de coronavírus?",
        "userDefined": false
      }
    ],
    "isTemplate": false,
    "count": 0,
    "updated": 0
  },
  {
    "id": "921f7ce6-d4a7-47ce-b973-6067f3f67457",
    "data": [
      {
        "text": "durante a pandemia, posso ter parto normal?",
        "userDefined": false
      }
    ],
    "isTemplate": false,
    "count": 0,
    "updated": 0
  },
  {
    "id": "a13529c6-fee7-4a70-a43d-c115d8cc2181",
    "data": [
      {
        "text": "Posso ter parto normal durante a pandemia?",
        "userDefined": false
      }
    ],
    "isTemplate": false,
    "count": 0,
    "updated": 0
  }
]