[
  {
    "id": "ed6cb6b3-999e-418d-9d14-2057ef90aa5e",
    "data": [
      {
        "text": "o coronavírus tem cura?",
        "userDefined": false
      }
    ],
    "isTemplate": false,
    "count": 0,
    "updated": 0
  },
  {
    "id": "5d01348e-8fcc-4724-8a32-f302e28db191",
    "data": [
      {
        "text": "Existe tratamento ",
        "userDefined": false
      },
      {
        "text": "para",
        "meta": "@sys.ignore",
        "userDefined": false
      },
      {
        "text": " eliminar o coronavírus?",
        "userDefined": false
      }
    ],
    "isTemplate": false,
    "count": 0,
    "updated": 0
  }
]