[
  {
    "id": "62fbd7d5-a40f-4d34-bc6c-4a534a0dd498",
    "data": [
      {
        "text": "A dexametasona é a cura ",
        "userDefined": false
      },
      {
        "text": "para",
        "meta": "@sys.ignore",
        "userDefined": false
      },
      {
        "text": " o covid?",
        "userDefined": false
      }
    ],
    "isTemplate": false,
    "count": 0,
    "lang": "pt-br",
    "updated": 0
  },
  {
    "id": "61999f19-3c35-4921-9857-f39701d9ee82",
    "data": [
      {
        "text": "A dexametasona é ",
        "userDefined": false
      },
      {
        "text": "um",
        "meta": "@sys.ignore",
        "userDefined": false
      },
      {
        "text": " tratamento eficaz contra o coronavírus?",
        "userDefined": false
      }
    ],
    "isTemplate": false,
    "count": 0,
    "lang": "pt-br",
    "updated": 0
  }
]