[
  {
    "data": [
      {
        "text": "devo vacinar ",
        "userDefined": false
      },
      {
        "text": "meu pet",
        "meta": "@sys.ignore",
        "userDefined": false
      },
      {
        "text": " contra o covid?",
        "userDefined": false
      }
    ],
    "isTemplate": false,
    "count": 0,
    "lang": "pt-br",
    "updated": 0
  },
  {
    "data": [
      {
        "text": "Devo vacinar meu cachorro contra o coronavírus?",
        "userDefined": false
      }
    ],
    "isTemplate": false,
    "count": 0,
    "lang": "pt-br",
    "updated": 0
  }
]