[
  {
    "data": [
      {
        "text": "Posso começar meu pré-",
        "userDefined": false
      },
      {
        "text": "natal",
        "meta": "@sys.ignore",
        "userDefined": false
      },
      {
        "text": " neste estado de pandemia?",
        "userDefined": false
      }
    ],
    "isTemplate": false,
    "count": 0,
    "lang": "pt-br",
    "updated": 0
  },
  {
    "data": [
      {
        "text": "Estou grávida, devo iniciar meu pré-",
        "userDefined": false
      },
      {
        "text": "natal agora mesmo com",
        "meta": "@sys.ignore",
        "userDefined": false
      },
      {
        "text": " a pandemia da COVID-",
        "userDefined": false
      },
      {
        "text": "19",
        "meta": "@sys.ignore",
        "userDefined": false
      },
      {
        "text": "?",
        "userDefined": false
      }
    ],
    "isTemplate": false,
    "count": 0,
    "lang": "pt-br",
    "updated": 0
  }
]