[
  {
    "id": "73ffe515-edc5-4c68-bc7e-9acddef6fa0e",
    "data": [
      {
        "text": "0",
        "meta": "@sys.ignore",
        "userDefined": false
      }
    ],
    "isTemplate": false,
    "count": 0,
    "updated": 0
  },
  {
    "id": "c3bf7552-d773-489d-b74c-36e23a3e4f3c",
    "data": [
      {
        "text": "0",
        "meta": "@sys.ignore",
        "userDefined": false
      },
      {
        "text": ".",
        "userDefined": false
      }
    ],
    "isTemplate": false,
    "count": 0,
    "updated": 0
  },
  {
    "id": "d69bded9-5679-421a-bc41-d241ba178c28",
    "data": [
      {
        "text": "diagnóstico",
        "userDefined": false
      }
    ],
    "isTemplate": false,
    "count": 0,
    "updated": 0
  },
  {
    "id": "f25f12f5-811d-403e-94e0-9f12000b24ed",
    "data": [
      {
        "text": "Diagnóstico do Coronavírus",
        "userDefined": false
      }
    ],
    "isTemplate": false,
    "count": 0,
    "updated": 0
  },
  {
    "id": "c69f1a01-048b-4151-8b3c-b98edf7a4e0c",
    "data": [
      {
        "text": "0",
        "meta": "@sys.ignore",
        "userDefined": false
      },
      {
        "text": ". Diagnóstico do Coronavírus",
        "userDefined": false
      }
    ],
    "isTemplate": false,
    "count": 0,
    "updated": 0
  }
]