[
  {
    "id": "3f7fc6d3-eec2-44f5-b69b-6e9e41a0a2d5",
    "data": [
      {
        "text": "como saber se estou em estado grave?",
        "userDefined": false
      }
    ],
    "isTemplate": false,
    "count": 0,
    "updated": 0
  },
  {
    "id": "64b0a827-aa9d-4959-9196-8b3da1e699ea",
    "data": [
      {
        "text": "Quais são os sinais de gravidade da infecção por coronavírus?",
        "userDefined": false
      }
    ],
    "isTemplate": false,
    "count": 0,
    "updated": 0
  }
]