[
  {
    "id": "303a589c-bb21-47b8-bda0-96b201ebfffa",
    "data": [
      {
        "text": "precisa de toda essa preocupação",
        "userDefined": false
      }
    ],
    "isTemplate": false,
    "count": 0,
    "updated": 0
  },
  {
    "id": "33394665-e4e5-49fd-8b0b-d98be4705236",
    "data": [
      {
        "text": "Qual o motivo da enorme preocupação e mobilização mundial ",
        "userDefined": false
      },
      {
        "text": "para",
        "meta": "@sys.ignore",
        "userDefined": false
      },
      {
        "text": " conter a disseminação do vírus?",
        "userDefined": false
      }
    ],
    "isTemplate": false,
    "count": 0,
    "updated": 0
  }
]