[
  {
    "id": "bf0583d1-b33f-4677-b3b6-57da109c591e",
    "data": [
      {
        "text": "O que ",
        "userDefined": false
      },
      {
        "text": "faço com meus pets se estiver com",
        "meta": "@sys.ignore",
        "userDefined": false
      },
      {
        "text": " coronavírus?",
        "userDefined": false
      }
    ],
    "isTemplate": false,
    "count": 0,
    "updated": 0
  },
  {
    "id": "2b3d7f16-84bf-4513-a5fb-bf3690d5988d",
    "data": [
      {
        "text": "Quais devem ser os cuidados com",
        "meta": "@sys.ignore",
        "userDefined": false
      },
      {
        "text": " ",
        "userDefined": false
      },
      {
        "text": "meus animais se eu estiver com",
        "meta": "@sys.ignore",
        "userDefined": false
      },
      {
        "text": " COVID-",
        "userDefined": false
      },
      {
        "text": "19",
        "meta": "@sys.ignore",
        "userDefined": false
      },
      {
        "text": "?",
        "userDefined": false
      }
    ],
    "isTemplate": false,
    "count": 0,
    "updated": 0
  }
]