[
  {
    "id": "9214a19d-c29d-497b-b456-31a150e4a07c",
    "data": [
      {
        "text": "Eu queria ir no culto, posso?",
        "userDefined": false
      }
    ],
    "isTemplate": false,
    "count": 0,
    "updated": 0
  },
  {
    "id": "81c85467-9b59-4596-9a0f-d904a9c15800",
    "data": [
      {
        "text": "Eu queria ir na ",
        "userDefined": false
      },
      {
        "text": "igreja",
        "alias": "location",
        "meta": "@sys.location",
        "userDefined": false
      },
      {
        "text": ", posso?",
        "userDefined": false
      }
    ],
    "isTemplate": false,
    "count": 0,
    "updated": 0
  },
  {
    "id": "ddef5b08-1d53-475d-b10e-68c7f2e5585d",
    "data": [
      {
        "text": "Será que eu posso ir no culto?",
        "userDefined": false
      }
    ],
    "isTemplate": false,
    "count": 0,
    "updated": 0
  },
  {
    "id": "176c9048-e8e4-4be0-94e2-065eccf1bc52",
    "data": [
      {
        "text": "Será que eu posso ir ",
        "userDefined": false
      },
      {
        "text": "à igreja",
        "alias": "location",
        "meta": "@sys.location",
        "userDefined": false
      },
      {
        "text": "?",
        "userDefined": false
      }
    ],
    "isTemplate": false,
    "count": 0,
    "updated": 0
  },
  {
    "id": "96cca774-8b47-4287-a71a-488493e82bf6",
    "data": [
      {
        "text": "Posso ir no culto na quarentena?",
        "userDefined": false
      }
    ],
    "isTemplate": false,
    "count": 0,
    "updated": 0
  },
  {
    "id": "1e8a7033-9639-40cb-bfa6-ebac82f8494c",
    "data": [
      {
        "text": "Posso ir na missa?",
        "userDefined": false
      }
    ],
    "isTemplate": false,
    "count": 0,
    "updated": 0
  },
  {
    "id": "aa053b95-df71-4478-9b21-94b58e75313f",
    "data": [
      {
        "text": "Posso ir na ",
        "userDefined": false
      },
      {
        "text": "igreja",
        "alias": "location",
        "meta": "@sys.location",
        "userDefined": false
      },
      {
        "text": " na quarentena?",
        "userDefined": false
      }
    ],
    "isTemplate": false,
    "count": 0,
    "updated": 0
  },
  {
    "id": "c59b9398-c3dd-4b4e-a1fd-7515a12e9277",
    "data": [
      {
        "text": "posso ir no culto?",
        "userDefined": false
      }
    ],
    "isTemplate": false,
    "count": 0,
    "updated": 0
  },
  {
    "id": "80397631-678c-4ecd-ab68-3b68f60c4f26",
    "data": [
      {
        "text": "Posso ir ",
        "userDefined": false
      },
      {
        "text": "à igreja",
        "meta": "@sys.ignore",
        "userDefined": false
      },
      {
        "text": "?",
        "userDefined": false
      }
    ],
    "isTemplate": false,
    "count": 0,
    "updated": 0
  },
  {
    "id": "99c8c91e-c5fd-4ee3-8f08-c37022596a13",
    "data": [
      {
        "text": "Posso frequentar celebrações ou encontros ",
        "userDefined": false
      },
      {
        "text": "religiosos",
        "meta": "@sys.ignore",
        "userDefined": false
      },
      {
        "text": " na ",
        "userDefined": false
      },
      {
        "text": "minha Igreja",
        "meta": "@sys.ignore",
        "userDefined": false
      },
      {
        "text": " ou comunidade?",
        "userDefined": false
      }
    ],
    "isTemplate": false,
    "count": 0,
    "updated": 0
  }
]