[
  {
    "id": "fc8aedf3-2774-4e27-99ad-1db6520dcf39",
    "data": [
      {
        "text": "cinco",
        "meta": "@sys.ignore",
        "userDefined": false
      }
    ],
    "isTemplate": false,
    "count": 0,
    "updated": 0
  },
  {
    "id": "c82cba43-2b1c-41eb-b5d0-811c2a64eb8f",
    "data": [
      {
        "text": "5",
        "meta": "@sys.ignore",
        "userDefined": false
      }
    ],
    "isTemplate": false,
    "count": 0,
    "updated": 0
  },
  {
    "id": "bd5282a1-f06b-40bb-a97d-4823e7e83972",
    "data": [
      {
        "text": "5",
        "meta": "@sys.ignore",
        "userDefined": false
      },
      {
        "text": ".",
        "userDefined": false
      }
    ],
    "isTemplate": false,
    "count": 0,
    "updated": 0
  },
  {
    "id": "98fdbc3c-0089-41a8-860d-c1dd39ded09e",
    "data": [
      {
        "text": "Tratamento",
        "userDefined": false
      }
    ],
    "isTemplate": false,
    "count": 0,
    "updated": 0
  },
  {
    "id": "c27e93be-c275-4514-80b7-d01fdfdf1fb0",
    "data": [
      {
        "text": "5",
        "meta": "@sys.ignore",
        "userDefined": false
      },
      {
        "text": ". Tratamento",
        "userDefined": false
      }
    ],
    "isTemplate": false,
    "count": 0,
    "updated": 0
  }
]