[
  {
    "id": "9609988e-5324-4f36-9e98-1cc41c868ed3",
    "data": [
      {
        "text": "a vacina da gripe é ",
        "userDefined": false
      },
      {
        "text": "um",
        "meta": "@sys.ignore",
        "userDefined": false
      },
      {
        "text": " tratamento eficaz contra o coronavírus?",
        "userDefined": false
      }
    ],
    "isTemplate": false,
    "count": 0,
    "lang": "pt-br",
    "updated": 0
  },
  {
    "id": "2ae80413-99cd-43c0-b1a9-ca9a3794da18",
    "data": [
      {
        "text": "A vacina de gripe protege contra o coronavírus?",
        "userDefined": false
      }
    ],
    "isTemplate": false,
    "count": 0,
    "lang": "pt-br",
    "updated": 0
  }
]