[
  {
    "id": "f5204637-2e69-4d6f-80d9-5572f6525aac",
    "data": [
      {
        "text": "Diagnóstico",
        "userDefined": false
      }
    ],
    "isTemplate": false,
    "count": 0,
    "lang": "pt-br",
    "updated": 0
  },
  {
    "id": "9b2aea66-2d4b-4d9c-99fe-73706f90f08f",
    "data": [
      {
        "text": "5",
        "meta": "@sys.ignore",
        "userDefined": false
      },
      {
        "text": ". Diagnóstico",
        "userDefined": false
      }
    ],
    "isTemplate": false,
    "count": 0,
    "lang": "pt-br",
    "updated": 0
  },
  {
    "id": "e14a0e4c-3078-4729-9abf-7842dfdf1525",
    "data": [
      {
        "text": "5",
        "meta": "@sys.ignore",
        "userDefined": false
      }
    ],
    "isTemplate": false,
    "count": 0,
    "lang": "pt-br",
    "updated": 0
  },
  {
    "id": "1dc9ac66-56ee-426e-8a70-fecf26e34e70",
    "data": [
      {
        "text": "5",
        "meta": "@sys.ignore",
        "userDefined": false
      },
      {
        "text": ".",
        "userDefined": false
      }
    ],
    "isTemplate": false,
    "count": 0,
    "lang": "pt-br",
    "updated": 0
  }
]