[
  {
    "id": "b05cb63d-c420-446e-b48d-abb1131b460c",
    "data": [
      {
        "text": "ibuprofeno é ",
        "userDefined": false
      },
      {
        "text": "um",
        "meta": "@sys.ignore",
        "userDefined": false
      },
      {
        "text": " tratamento eficaz contra o coronavírus?",
        "userDefined": false
      }
    ],
    "isTemplate": false,
    "count": 0,
    "updated": 0
  },
  {
    "id": "204115c1-e4ff-4415-a61e-9679676ed929",
    "data": [
      {
        "text": "Uma pessoa que esteja com",
        "meta": "@sys.ignore",
        "userDefined": false
      },
      {
        "text": " infecção suspeita ou confirmada por coronavírus pode usar ibuprofeno?",
        "userDefined": false
      }
    ],
    "isTemplate": false,
    "count": 0,
    "updated": 0
  }
]