[
  {
    "id": "a33cdc95-7e8b-4912-827a-002b11ed6abf",
    "data": [
      {
        "text": "como me tratar com",
        "meta": "@sys.ignore",
        "userDefined": false
      },
      {
        "text": " coronavírus?",
        "userDefined": false
      }
    ],
    "isTemplate": false,
    "count": 0,
    "updated": 0
  },
  {
    "id": "e61e93bf-f908-4f39-a0b1-d96e29ee5b9c",
    "data": [
      {
        "text": "Como",
        "meta": "@sys.ignore",
        "userDefined": false
      },
      {
        "text": " ",
        "userDefined": false
      },
      {
        "text": "vou me tratar se eu estiver com",
        "meta": "@sys.ignore",
        "userDefined": false
      },
      {
        "text": " o coronavírus?",
        "userDefined": false
      }
    ],
    "isTemplate": false,
    "count": 0,
    "updated": 0
  }
]