[
  {
    "id": "524238b6-ab8f-417e-9fba-c0fee86dcf28",
    "data": [
      {
        "text": "tres",
        "meta": "@sys.ignore",
        "userDefined": false
      }
    ],
    "isTemplate": false,
    "count": 0,
    "updated": 0
  },
  {
    "id": "82b9e848-59a9-474f-a498-7c003ca42301",
    "data": [
      {
        "text": "três",
        "meta": "@sys.ignore",
        "userDefined": false
      }
    ],
    "isTemplate": false,
    "count": 0,
    "updated": 0
  },
  {
    "id": "ede1e861-9480-49e8-a845-22c7a1ae8dd0",
    "data": [
      {
        "text": "3",
        "meta": "@sys.ignore",
        "userDefined": false
      }
    ],
    "isTemplate": false,
    "count": 0,
    "updated": 0
  },
  {
    "id": "8f883a6d-3542-42e4-b8fe-31da2ccf0061",
    "data": [
      {
        "text": "3",
        "meta": "@sys.ignore",
        "userDefined": false
      },
      {
        "text": ".",
        "userDefined": false
      }
    ],
    "isTemplate": false,
    "count": 0,
    "updated": 0
  }
]