[
  {
    "id": "0247a7dc-2e93-4e45-a455-adeba1298a92",
    "data": [
      {
        "text": "o alho é ",
        "userDefined": false
      },
      {
        "text": "um",
        "meta": "@sys.ignore",
        "userDefined": false
      },
      {
        "text": " tratamento ao coronavírus?",
        "userDefined": false
      }
    ],
    "isTemplate": false,
    "count": 0,
    "updated": 0
  },
  {
    "id": "8788cdc8-666e-4635-a786-a681a9d8a686",
    "data": [
      {
        "text": "Comer alho ",
        "userDefined": false
      },
      {
        "text": "ajuda",
        "meta": "@sys.ignore",
        "userDefined": false
      },
      {
        "text": " a evitar a infecção pelo coronavírus?",
        "userDefined": false
      }
    ],
    "isTemplate": false,
    "count": 0,
    "updated": 0
  }
]