[
  {
    "id": "c9964661-1dfc-42bc-940f-e02d731324b4",
    "data": [
      {
        "text": "vitamina D trata o covid?",
        "userDefined": false
      }
    ],
    "isTemplate": false,
    "count": 0,
    "updated": 0
  },
  {
    "id": "1d8bd38e-c468-47a6-b807-88c4024c9433",
    "data": [
      {
        "text": "A vitamina D é ",
        "userDefined": false
      },
      {
        "text": "um",
        "meta": "@sys.ignore",
        "userDefined": false
      },
      {
        "text": " tratamento eficaz contra o coronavírus?",
        "userDefined": false
      }
    ],
    "isTemplate": false,
    "count": 0,
    "updated": 0
  }
]