[
  {
    "id": "b4bb7b3c-cdac-4938-92b4-928f14bee7c6",
    "data": [
      {
        "text": "devo sacrificar ",
        "userDefined": false
      },
      {
        "text": "meu pet",
        "meta": "@sys.ignore",
        "userDefined": false
      },
      {
        "text": "?",
        "userDefined": false
      }
    ],
    "isTemplate": false,
    "count": 0,
    "updated": 0
  },
  {
    "id": "8fb7446c-8f42-4104-b4cf-1ba95c968842",
    "data": [
      {
        "text": "devo matar meu anima de estimação?",
        "userDefined": false
      }
    ],
    "isTemplate": false,
    "count": 0,
    "updated": 0
  },
  {
    "id": "ff49a980-cd96-4789-833f-d462b676be44",
    "data": [
      {
        "text": "Devo abandonar ou sacrificar meu animal de estimação como medida de ",
        "userDefined": false
      },
      {
        "text": "segurança",
        "meta": "@sys.ignore",
        "userDefined": false
      },
      {
        "text": "?",
        "userDefined": false
      }
    ],
    "isTemplate": false,
    "count": 0,
    "updated": 0
  }
]