[
  {
    "id": "f5fcf037-6190-469e-abe3-86886932a5a5",
    "data": [
      {
        "text": "grupos de risco?",
        "userDefined": false
      }
    ],
    "isTemplate": false,
    "count": 0,
    "updated": 0
  },
  {
    "id": "df9d5715-c2b3-4390-a5e3-70f214bba8d0",
    "data": [
      {
        "text": "eu sou grupo de risco?",
        "userDefined": false
      }
    ],
    "isTemplate": false,
    "count": 0,
    "updated": 0
  },
  {
    "id": "16b9f82b-a56f-4b4f-8de0-2f20c6a8c8bd",
    "data": [
      {
        "text": "Como saber se pertenço aos grupos de risco?",
        "userDefined": false
      }
    ],
    "isTemplate": false,
    "count": 0,
    "updated": 0
  }
]