[
  {
    "id": "9a4ce7b6-1e50-49b6-807b-67d4825546c7",
    "data": [
      {
        "text": "Posso começar meu pré-",
        "userDefined": false
      },
      {
        "text": "natal",
        "meta": "@sys.ignore",
        "userDefined": false
      },
      {
        "text": " neste estado de pandemia?",
        "userDefined": false
      }
    ],
    "isTemplate": false,
    "count": 0,
    "updated": 0
  },
  {
    "id": "c6b329e7-75c4-482e-a75b-d9747189f145",
    "data": [
      {
        "text": "Estou grávida, devo iniciar meu pré-",
        "userDefined": false
      },
      {
        "text": "natal agora mesmo com",
        "meta": "@sys.ignore",
        "userDefined": false
      },
      {
        "text": " a pandemia da COVID-",
        "userDefined": false
      },
      {
        "text": "19",
        "meta": "@sys.ignore",
        "userDefined": false
      },
      {
        "text": "?",
        "userDefined": false
      }
    ],
    "isTemplate": false,
    "count": 0,
    "updated": 0
  }
]