[
  {
    "id": "be3bee1f-930e-4680-a1e4-c1f9b0809609",
    "data": [
      {
        "text": "dois",
        "meta": "@sys.ignore",
        "userDefined": false
      }
    ],
    "isTemplate": false,
    "count": 0,
    "updated": 0
  },
  {
    "id": "fa4290a3-c793-4607-a8f9-606327505a70",
    "data": [
      {
        "text": "2",
        "meta": "@sys.ignore",
        "userDefined": false
      }
    ],
    "isTemplate": false,
    "count": 0,
    "updated": 0
  },
  {
    "id": "fd9ab5c1-4a42-4f9d-8363-e8445eb3232d",
    "data": [
      {
        "text": "2",
        "meta": "@sys.ignore",
        "userDefined": false
      },
      {
        "text": ".",
        "userDefined": false
      }
    ],
    "isTemplate": false,
    "count": 0,
    "updated": 0
  }
]