[
  {
    "id": "d5ccdd65-2940-4c00-8084-4204de82f210",
    "data": [
      {
        "text": "nove",
        "meta": "@sys.ignore",
        "userDefined": false
      }
    ],
    "isTemplate": false,
    "count": 0,
    "updated": 0
  },
  {
    "id": "192fd2eb-3bc1-45f6-a776-9ddd042d60b8",
    "data": [
      {
        "text": "9",
        "meta": "@sys.ignore",
        "userDefined": false
      }
    ],
    "isTemplate": false,
    "count": 0,
    "updated": 0
  },
  {
    "id": "8e41f188-0c80-48ce-b164-cc163b00f003",
    "data": [
      {
        "text": "9",
        "meta": "@sys.ignore",
        "userDefined": false
      },
      {
        "text": ".",
        "userDefined": false
      }
    ],
    "isTemplate": false,
    "count": 0,
    "updated": 0
  }
]