[
  {
    "id": "51dad3b7-9a6c-4365-898a-75c6f313eb54",
    "data": [
      {
        "text": "Devo evitar usar ",
        "userDefined": false
      },
      {
        "text": "o elevador",
        "alias": "location",
        "meta": "@sys.location",
        "userDefined": false
      },
      {
        "text": "?",
        "userDefined": false
      }
    ],
    "isTemplate": false,
    "count": 0,
    "updated": 0
  },
  {
    "id": "cbd0e6fe-3845-4eed-b093-38359facc07a",
    "data": [
      {
        "text": "Devo evitar andar de ",
        "userDefined": false
      },
      {
        "text": "elevador",
        "alias": "location",
        "meta": "@sys.location",
        "userDefined": false
      },
      {
        "text": "?",
        "userDefined": false
      }
    ],
    "isTemplate": false,
    "count": 0,
    "updated": 0
  },
  {
    "id": "91e5d3e1-b406-4758-9941-e9f45f696c93",
    "data": [
      {
        "text": "Será que eu posso usar ",
        "userDefined": false
      },
      {
        "text": "o elevador",
        "alias": "location",
        "meta": "@sys.location",
        "userDefined": false
      },
      {
        "text": " do meu prédio?",
        "userDefined": false
      }
    ],
    "isTemplate": false,
    "count": 0,
    "updated": 0
  },
  {
    "id": "d211b641-7582-444e-8595-8eabf53d570c",
    "data": [
      {
        "text": "Posso usar ",
        "userDefined": false
      },
      {
        "text": "o elevador",
        "alias": "location",
        "meta": "@sys.location",
        "userDefined": false
      },
      {
        "text": " do prédio?",
        "userDefined": false
      }
    ],
    "isTemplate": false,
    "count": 0,
    "updated": 0
  },
  {
    "id": "82fbf05a-4f33-4f24-ad3f-33f59a668cc0",
    "data": [
      {
        "text": "Posso andar de ",
        "userDefined": false
      },
      {
        "text": "elevador",
        "alias": "location",
        "meta": "@sys.location",
        "userDefined": false
      },
      {
        "text": "?",
        "userDefined": false
      }
    ],
    "isTemplate": false,
    "count": 0,
    "updated": 0
  },
  {
    "id": "edb65d45-b2f7-46d3-acd1-bbc90c9fcd70",
    "data": [
      {
        "text": "Posso utilizar ",
        "userDefined": false
      },
      {
        "text": "o elevador",
        "meta": "@sys.ignore",
        "userDefined": false
      },
      {
        "text": " do prédio?",
        "userDefined": false
      }
    ],
    "isTemplate": false,
    "count": 0,
    "updated": 0
  },
  {
    "id": "c09fe134-55c5-43ab-b04d-f590ccaecc10",
    "data": [
      {
        "text": "O que devo fazer no ",
        "userDefined": false
      },
      {
        "text": "elevador",
        "meta": "@sys.ignore",
        "userDefined": false
      },
      {
        "text": " ",
        "userDefined": false
      },
      {
        "text": "para",
        "meta": "@sys.ignore",
        "userDefined": false
      },
      {
        "text": " diminuir a chance de contaminação? Devo ir de ",
        "userDefined": false
      },
      {
        "text": "escadas",
        "meta": "@sys.ignore",
        "userDefined": false
      },
      {
        "text": " ou tento pegar ",
        "userDefined": false
      },
      {
        "text": "o elevador",
        "meta": "@sys.ignore",
        "userDefined": false
      },
      {
        "text": " sozinho?",
        "userDefined": false
      }
    ],
    "isTemplate": false,
    "count": 0,
    "updated": 0
  }
]