[
  {
    "id": "8fdb6f9e-a186-4083-83ef-961750f07826",
    "data": [
      {
        "text": "oito",
        "meta": "@sys.ignore",
        "userDefined": false
      }
    ],
    "isTemplate": false,
    "count": 0,
    "updated": 0
  },
  {
    "id": "d2489053-4503-4c2e-bd59-ea4b9666ade8",
    "data": [
      {
        "text": "8",
        "meta": "@sys.ignore",
        "userDefined": false
      }
    ],
    "isTemplate": false,
    "count": 0,
    "updated": 0
  },
  {
    "id": "d4ec847a-152b-40ca-a1e7-edab0b68dc82",
    "data": [
      {
        "text": "8",
        "meta": "@sys.ignore",
        "userDefined": false
      },
      {
        "text": ".",
        "userDefined": false
      }
    ],
    "isTemplate": false,
    "count": 0,
    "updated": 0
  }
]