[
  {
    "id": "23ca936b-8119-4e96-821e-375937038ef2",
    "data": [
      {
        "text": "O que fazer com",
        "meta": "@sys.ignore",
        "userDefined": false
      },
      {
        "text": " ",
        "userDefined": false
      },
      {
        "text": "o lixo gerado por uma pessoa com",
        "meta": "@sys.ignore",
        "userDefined": false
      },
      {
        "text": " coronavírus?",
        "userDefined": false
      }
    ],
    "isTemplate": false,
    "count": 1,
    "updated": 0
  },
  {
    "id": "56807fbe-3364-4a20-a87f-0a103dc9cc6f",
    "data": [
      {
        "text": "Como devemos proceder com",
        "meta": "@sys.ignore",
        "userDefined": false
      },
      {
        "text": " o lixo gerado por ",
        "userDefined": false
      },
      {
        "text": "uma",
        "meta": "@sys.ignore",
        "userDefined": false
      },
      {
        "text": " ",
        "userDefined": false
      },
      {
        "text": "pessoa de nossa casa que esteja com",
        "meta": "@sys.ignore",
        "userDefined": false
      },
      {
        "text": " sintomas de infecção respiratória?",
        "userDefined": false
      }
    ],
    "isTemplate": false,
    "count": 0,
    "updated": 0
  }
]