[
  {
    "id": "7daa64e6-2687-4feb-aed5-c7f82cd7b569",
    "data": [
      {
        "text": "4",
        "meta": "@sys.ignore",
        "userDefined": false
      }
    ],
    "isTemplate": false,
    "count": 0,
    "updated": 0
  },
  {
    "id": "e2c18ad9-0168-4097-9008-c7321d518d51",
    "data": [
      {
        "text": "4",
        "meta": "@sys.ignore",
        "userDefined": false
      },
      {
        "text": ".",
        "userDefined": false
      }
    ],
    "isTemplate": false,
    "count": 0,
    "updated": 0
  },
  {
    "id": "9caac6d4-1266-4c1f-86cc-4a163f69854c",
    "data": [
      {
        "text": "Orientações para Pacientes com",
        "meta": "@sys.ignore",
        "userDefined": false
      },
      {
        "text": " Suspeita da Doença",
        "userDefined": false
      }
    ],
    "isTemplate": false,
    "count": 0,
    "updated": 0
  },
  {
    "id": "c9d134ed-6682-4e89-920d-5fac964eb169",
    "data": [
      {
        "text": "4. Orientações para Pacientes com",
        "meta": "@sys.ignore",
        "userDefined": false
      },
      {
        "text": " Suspeita da Doença",
        "userDefined": false
      }
    ],
    "isTemplate": false,
    "count": 0,
    "updated": 0
  }
]