[
  {
    "id": "74cb4622-4c70-4f6a-811f-558921db091a",
    "data": [
      {
        "text": "nove",
        "meta": "@sys.ignore",
        "userDefined": false
      }
    ],
    "isTemplate": false,
    "count": 0,
    "updated": 0
  },
  {
    "id": "1b4b075c-9d33-4f22-a776-a901c01b17de",
    "data": [
      {
        "text": "9",
        "meta": "@sys.ignore",
        "userDefined": false
      }
    ],
    "isTemplate": false,
    "count": 0,
    "updated": 0
  },
  {
    "id": "ec2d68a2-8339-4297-b30e-cae97e1775e5",
    "data": [
      {
        "text": "9",
        "meta": "@sys.ignore",
        "userDefined": false
      },
      {
        "text": ".",
        "userDefined": false
      }
    ],
    "isTemplate": false,
    "count": 0,
    "updated": 0
  }
]