[
  {
    "id": "9f556525-1c04-4207-9969-40ccfa43038b",
    "data": [
      {
        "text": "um",
        "meta": "@sys.ignore",
        "userDefined": false
      }
    ],
    "isTemplate": false,
    "count": 0,
    "updated": 0
  },
  {
    "id": "c76cfeef-9dd5-4ef6-9447-52c332c0f8ce",
    "data": [
      {
        "text": "1",
        "meta": "@sys.ignore",
        "userDefined": false
      }
    ],
    "isTemplate": false,
    "count": 0,
    "updated": 0
  },
  {
    "id": "fadef10f-f8fd-4295-98d7-836dacd5dc95",
    "data": [
      {
        "text": "1",
        "meta": "@sys.ignore",
        "userDefined": false
      },
      {
        "text": ".",
        "userDefined": false
      }
    ],
    "isTemplate": false,
    "count": 0,
    "updated": 0
  }
]