[
  {
    "id": "69d9ae29-4ccf-41eb-8b84-8e575da19f71",
    "data": [
      {
        "text": "Quais as amostras do paciente são coletadas ",
        "userDefined": false
      },
      {
        "text": "para",
        "meta": "@sys.ignore",
        "userDefined": false
      },
      {
        "text": " realização dos ",
        "userDefined": false
      },
      {
        "text": "testes de COVID-19?",
        "meta": "@sys.ignore",
        "userDefined": false
      }
    ],
    "isTemplate": false,
    "count": 0,
    "lang": "pt-br",
    "updated": 0
  }
]