[
  {
    "id": "11c3142a-f740-49d1-9233-7c6b8d8163b2",
    "data": [
      {
        "text": "6",
        "meta": "@sys.ignore",
        "userDefined": false
      }
    ],
    "isTemplate": false,
    "count": 0,
    "updated": 0
  },
  {
    "id": "324d47b3-dbbc-4c02-9157-ed1483fd9170",
    "data": [
      {
        "text": "6",
        "meta": "@sys.ignore",
        "userDefined": false
      },
      {
        "text": ".",
        "userDefined": false
      }
    ],
    "isTemplate": false,
    "count": 0,
    "updated": 0
  },
  {
    "id": "aa7399b8-5a72-4cf4-a534-8e0501f6e15d",
    "data": [
      {
        "text": "Cuidados em Casa",
        "meta": "@sys.ignore",
        "userDefined": false
      }
    ],
    "isTemplate": false,
    "count": 0,
    "updated": 0
  },
  {
    "id": "ed4d05db-03ba-4e63-8a4f-be4a1372b7da",
    "data": [
      {
        "text": "6",
        "meta": "@sys.ignore",
        "userDefined": false
      },
      {
        "text": ". ",
        "userDefined": false
      },
      {
        "text": "Cuidados em Casa",
        "meta": "@sys.ignore",
        "userDefined": false
      }
    ],
    "isTemplate": false,
    "count": 0,
    "updated": 0
  }
]