[
  {
    "id": "b3731dd9-d170-4196-809f-1b81bc9d8bdd",
    "data": [
      {
        "text": "Posso limpar a casa com",
        "meta": "@sys.ignore",
        "userDefined": false
      },
      {
        "text": " ",
        "userDefined": false
      },
      {
        "text": "água",
        "meta": "@sys.ignore",
        "userDefined": false
      },
      {
        "text": " sanitária?",
        "userDefined": false
      }
    ],
    "isTemplate": false,
    "count": 0,
    "updated": 0
  },
  {
    "id": "dfdd3629-5572-4810-ace9-118e2b294864",
    "data": [
      {
        "text": "Posso utilizar ",
        "userDefined": false
      },
      {
        "text": "água",
        "meta": "@sys.ignore",
        "userDefined": false
      },
      {
        "text": " sanitária ",
        "userDefined": false
      },
      {
        "text": "para",
        "meta": "@sys.ignore",
        "userDefined": false
      },
      {
        "text": " fazer ",
        "userDefined": false
      },
      {
        "text": "a limpeza",
        "meta": "@sys.ignore",
        "userDefined": false
      },
      {
        "text": " das superfícies?",
        "userDefined": false
      }
    ],
    "isTemplate": false,
    "count": 0,
    "updated": 0
  }
]