[
  {
    "id": "9756b05a-9c31-45b9-aa90-dd2648798d0f",
    "data": [
      {
        "text": "onze",
        "userDefined": false
      }
    ],
    "isTemplate": false,
    "count": 0,
    "lang": "pt-br",
    "updated": 0
  },
  {
    "id": "5aea6643-880d-4765-8bc3-bb254ef707f1",
    "data": [
      {
        "text": "11",
        "userDefined": false
      }
    ],
    "isTemplate": false,
    "count": 0,
    "lang": "pt-br",
    "updated": 0
  },
  {
    "id": "c4820376-5644-4653-a4b2-cec3af925f3b",
    "data": [
      {
        "text": "11.",
        "userDefined": false
      }
    ],
    "isTemplate": false,
    "count": 0,
    "lang": "pt-br",
    "updated": 0
  }
]