[
  {
    "id": "f9953cd6-3275-4412-86b5-f392ce938cf8",
    "data": [
      {
        "text": "devo vacinar ",
        "userDefined": false
      },
      {
        "text": "meu pet",
        "meta": "@sys.ignore",
        "userDefined": false
      },
      {
        "text": " contra o covid?",
        "userDefined": false
      }
    ],
    "isTemplate": false,
    "count": 0,
    "updated": 0
  },
  {
    "id": "c01440b2-5ea5-406f-82ad-cfe841724574",
    "data": [
      {
        "text": "Devo vacinar meu cachorro contra o coronavírus?",
        "userDefined": false
      }
    ],
    "isTemplate": false,
    "count": 0,
    "updated": 0
  }
]