[
  {
    "id": "0d0b612d-2cd8-44d1-a45f-6e3420dd5844",
    "data": [
      {
        "text": "Posso utilizar álcool em gel ao invés de lavar as mãos?",
        "userDefined": false
      }
    ],
    "isTemplate": false,
    "count": 0,
    "updated": 0
  },
  {
    "id": "afa2908a-4458-49d0-b039-3a7eaf3f5eef",
    "data": [
      {
        "text": "O álcool em gel substitui a lavagem das mãos?",
        "userDefined": false
      }
    ],
    "isTemplate": false,
    "count": 0,
    "updated": 0
  }
]