[
  {
    "id": "10586b21-52a1-4a5b-915e-7fc46d3096bb",
    "data": [
      {
        "text": "meu cachorro pode transmitir o ",
        "userDefined": false
      },
      {
        "text": "corona",
        "meta": "@sys.ignore",
        "userDefined": false
      },
      {
        "text": "?",
        "userDefined": false
      }
    ],
    "isTemplate": false,
    "count": 0,
    "updated": 0
  },
  {
    "id": "3b74e175-01d5-4968-8574-5631118ea94f",
    "data": [
      {
        "text": "meu pet",
        "meta": "@sys.ignore",
        "userDefined": false
      },
      {
        "text": " pode transmitir covid19?",
        "userDefined": false
      }
    ],
    "isTemplate": false,
    "count": 0,
    "updated": 0
  },
  {
    "id": "0b99372b-66a1-476d-a673-796775ffc68b",
    "data": [
      {
        "text": "meu cachorro pode transmitir coronavírus?",
        "userDefined": false
      }
    ],
    "isTemplate": false,
    "count": 0,
    "updated": 0
  },
  {
    "id": "9dbb0b0e-7ad6-4228-a237-38993d18544e",
    "data": [
      {
        "text": "Animais como cães e gatos podem ter coronavírus?",
        "userDefined": false
      }
    ],
    "isTemplate": false,
    "count": 0,
    "updated": 0
  },
  {
    "id": "5df2a40c-c633-45f6-b50c-e1b6d94f10fc",
    "data": [
      {
        "text": "Cães e gatos podem se infectar pelo novo coronavírus?",
        "userDefined": false
      }
    ],
    "isTemplate": false,
    "count": 0,
    "updated": 0
  }
]