[
  {
    "id": "588a3317-583d-497f-a576-a90c274ad4ba",
    "data": [
      {
        "text": "quero saber se preciso ir ao serviço de urgência",
        "userDefined": false
      }
    ],
    "isTemplate": false,
    "count": 0,
    "lang": "pt-br",
    "updated": 0
  },
  {
    "id": "83ba3203-55df-41b3-9b97-94273acb0fe0",
    "data": [
      {
        "text": "tô com",
        "meta": "@sys.ignore",
        "userDefined": false
      },
      {
        "text": " sintoma",
        "userDefined": false
      }
    ],
    "isTemplate": false,
    "count": 0,
    "lang": "pt-br",
    "updated": 0
  },
  {
    "id": "a8234193-10f1-420a-85a1-78a97da83f80",
    "data": [
      {
        "text": "quero perguntar sobre os meus sintomas",
        "userDefined": false
      }
    ],
    "isTemplate": false,
    "count": 0,
    "lang": "pt-br",
    "updated": 0
  },
  {
    "id": "b7ad3844-1f48-4f26-aa48-fa5e47f429ca",
    "data": [
      {
        "text": "preciso ir ao ",
        "userDefined": false
      },
      {
        "text": "hospital",
        "meta": "@sys.ignore",
        "userDefined": false
      },
      {
        "text": "?",
        "userDefined": false
      }
    ],
    "isTemplate": false,
    "count": 0,
    "lang": "pt-br",
    "updated": 0
  },
  {
    "id": "adfa8330-1863-4c11-a6f5-575ea9841494",
    "data": [
      {
        "text": "acho que estou com",
        "meta": "@sys.ignore",
        "userDefined": false
      },
      {
        "text": " covid",
        "userDefined": false
      }
    ],
    "isTemplate": false,
    "count": 0,
    "lang": "pt-br",
    "updated": 0
  },
  {
    "id": "7e807b7e-ad74-41dd-bf80-f2c35e58f90e",
    "data": [
      {
        "text": "acho que estou com",
        "meta": "@sys.ignore",
        "userDefined": false
      },
      {
        "text": " coronavírus",
        "userDefined": false
      }
    ],
    "isTemplate": false,
    "count": 0,
    "lang": "pt-br",
    "updated": 0
  },
  {
    "id": "ec949123-3e64-44dc-aa09-cb4ad33be41f",
    "data": [
      {
        "text": "me informe se tenho covid19",
        "userDefined": false
      }
    ],
    "isTemplate": false,
    "count": 0,
    "lang": "pt-br",
    "updated": 0
  },
  {
    "id": "2a687527-ba80-46a5-ad0e-19d7f0ff08ec",
    "data": [
      {
        "text": "tenho coronavírus?",
        "userDefined": false
      }
    ],
    "isTemplate": false,
    "count": 0,
    "lang": "pt-br",
    "updated": 0
  },
  {
    "id": "740d4fac-34cc-41f4-bda7-9cc20fc00b59",
    "data": [
      {
        "text": "quero saber se tenho coronavírus",
        "userDefined": false
      }
    ],
    "isTemplate": false,
    "count": 0,
    "lang": "pt-br",
    "updated": 0
  },
  {
    "id": "0662b372-fd87-41ef-a2c9-0d4636636931",
    "data": [
      {
        "text": "quero saber se estou com",
        "meta": "@sys.ignore",
        "userDefined": false
      },
      {
        "text": " covid19",
        "userDefined": false
      }
    ],
    "isTemplate": false,
    "count": 0,
    "lang": "pt-br",
    "updated": 0
  },
  {
    "id": "2e58d69c-de6d-4f59-96ef-a286adf6d2bb",
    "data": [
      {
        "text": "Eu tenho covid?",
        "userDefined": false
      }
    ],
    "isTemplate": false,
    "count": 0,
    "lang": "pt-br",
    "updated": 0
  },
  {
    "id": "a732bc8d-a09c-4dcc-8683-c5c3432cbf71",
    "data": [
      {
        "text": "Pode ",
        "userDefined": false
      },
      {
        "text": "me ajudar a descobrir se estou com",
        "meta": "@sys.ignore",
        "userDefined": false
      },
      {
        "text": " covid",
        "userDefined": false
      }
    ],
    "isTemplate": false,
    "count": 0,
    "lang": "pt-br",
    "updated": 0
  },
  {
    "id": "f7ea7bb7-1403-48c6-a142-facee70ff50b",
    "data": [
      {
        "text": "Eu quero saber se estou com",
        "meta": "@sys.ignore",
        "userDefined": false
      },
      {
        "text": " covid",
        "userDefined": false
      }
    ],
    "isTemplate": false,
    "count": 0,
    "lang": "pt-br",
    "updated": 0
  }
]