[
  {
    "id": "26a3266a-47ef-4bf6-91b2-e48fabd7919d",
    "data": [
      {
        "text": "dez",
        "meta": "@sys.ignore",
        "userDefined": false
      }
    ],
    "isTemplate": false,
    "count": 0,
    "updated": 0
  },
  {
    "id": "b7389fa0-2529-4f06-ac8e-ba041ae3b962",
    "data": [
      {
        "text": "10",
        "meta": "@sys.ignore",
        "userDefined": false
      }
    ],
    "isTemplate": false,
    "count": 0,
    "updated": 0
  },
  {
    "id": "5d32a06e-bfda-43f4-90e7-5fcd5b32e700",
    "data": [
      {
        "text": "10",
        "meta": "@sys.ignore",
        "userDefined": false
      },
      {
        "text": ".",
        "userDefined": false
      }
    ],
    "isTemplate": false,
    "count": 0,
    "updated": 0
  }
]