[
  {
    "id": "b432d788-6928-4625-9f2c-62793faad33f",
    "data": [
      {
        "text": "devo trocar minha medicação de hipertensão?",
        "userDefined": false
      }
    ],
    "isTemplate": false,
    "count": 1,
    "updated": 0
  },
  {
    "id": "9002020c-e464-4720-ba00-451ebf945673",
    "data": [
      {
        "text": "Sou hipertenso. Devo avaliar com",
        "meta": "@sys.ignore",
        "userDefined": false
      },
      {
        "text": " meu médico a troca da medicação?",
        "userDefined": false
      }
    ],
    "isTemplate": false,
    "count": 0,
    "updated": 0
  }
]