[
  {
    "id": "46eafd81-7ef2-47c7-84d3-e9f88e4ebae7",
    "data": [
      {
        "text": "O que é a SARS-CoV-",
        "userDefined": false
      },
      {
        "text": "2",
        "meta": "@sys.ignore",
        "userDefined": false
      },
      {
        "text": "?",
        "userDefined": false
      }
    ],
    "isTemplate": false,
    "count": 0,
    "updated": 0
  },
  {
    "id": "df114ccc-aacf-4f1f-819f-e6d71317ef16",
    "data": [
      {
        "text": "e a SARS-CoV-",
        "userDefined": false
      },
      {
        "text": "2",
        "meta": "@sys.ignore",
        "userDefined": false
      },
      {
        "text": "?",
        "userDefined": false
      }
    ],
    "isTemplate": false,
    "count": 0,
    "updated": 0
  },
  {
    "id": "fc475c7b-4a58-41d0-89e1-9bf1c2b98657",
    "data": [
      {
        "text": "O que é SARS-CoV",
        "userDefined": false
      },
      {
        "text": "-",
        "meta": "@sys.ignore",
        "userDefined": true
      },
      {
        "text": "2",
        "meta": "@sys.ignore",
        "userDefined": false
      },
      {
        "text": "?",
        "userDefined": false
      }
    ],
    "isTemplate": false,
    "count": 0,
    "updated": 0
  }
]