[
  {
    "id": "96818bb3-6dcf-460e-a4df-27c20dacd1f7",
    "data": [
      {
        "text": "Um infectado com",
        "meta": "@sys.ignore",
        "userDefined": false
      },
      {
        "text": " coronavírus pode cozinhar em casa?",
        "userDefined": false
      }
    ],
    "isTemplate": false,
    "count": 0,
    "updated": 0
  },
  {
    "id": "b255a310-aac0-46c8-abab-72551a55de2e",
    "data": [
      {
        "text": "A pessoa com",
        "meta": "@sys.ignore",
        "userDefined": false
      },
      {
        "text": " sintomas gripais pode preparar ",
        "userDefined": false
      },
      {
        "text": "a comida",
        "meta": "@sys.ignore",
        "userDefined": false
      },
      {
        "text": " ",
        "userDefined": false
      },
      {
        "text": "para",
        "meta": "@sys.ignore",
        "userDefined": false
      },
      {
        "text": " ",
        "userDefined": false
      },
      {
        "text": "outros",
        "meta": "@sys.ignore",
        "userDefined": false
      },
      {
        "text": " moradores da casa?",
        "userDefined": false
      }
    ],
    "isTemplate": false,
    "count": 0,
    "updated": 0
  }
]