[
  {
    "id": "a98f3823-0233-40df-a610-2b75b412cd83",
    "data": [
      {
        "text": "o ",
        "userDefined": false
      },
      {
        "text": "corona",
        "meta": "@sys.ignore",
        "userDefined": false
      },
      {
        "text": " ",
        "userDefined": false
      },
      {
        "text": "é grave",
        "meta": "@sys.ignore",
        "userDefined": false
      }
    ],
    "isTemplate": false,
    "count": 0,
    "updated": 0
  },
  {
    "id": "58581cb9-2f7a-4a1d-b7ed-7d40078eca17",
    "data": [
      {
        "text": "quão ",
        "userDefined": false
      },
      {
        "text": "grave é",
        "meta": "@sys.ignore",
        "userDefined": false
      },
      {
        "text": " o ",
        "userDefined": false
      },
      {
        "text": "corona",
        "meta": "@sys.ignore",
        "userDefined": false
      },
      {
        "text": "?",
        "userDefined": false
      }
    ],
    "isTemplate": false,
    "count": 0,
    "updated": 0
  },
  {
    "id": "e2e527e0-81d9-482b-9967-84b1cf84a690",
    "data": [
      {
        "text": "o covid ",
        "userDefined": false
      },
      {
        "text": "é grave",
        "meta": "@sys.ignore",
        "userDefined": false
      },
      {
        "text": "?",
        "userDefined": false
      }
    ],
    "isTemplate": false,
    "count": 0,
    "updated": 0
  },
  {
    "id": "0c3633b3-afcc-4cfa-9f3a-0353db2e089b",
    "data": [
      {
        "text": "A doença causada pelo coronavírus é grave?",
        "userDefined": false
      }
    ],
    "isTemplate": false,
    "count": 0,
    "updated": 0
  }
]