[
  {
    "id": "4d0a4e5f-7b54-4e95-ac99-f60a25e58763",
    "data": [
      {
        "text": "oito",
        "meta": "@sys.ignore",
        "userDefined": false
      }
    ],
    "isTemplate": false,
    "count": 0,
    "updated": 0
  },
  {
    "id": "82a541e6-9fad-48af-840b-6f87e78652ef",
    "data": [
      {
        "text": "8",
        "meta": "@sys.ignore",
        "userDefined": false
      }
    ],
    "isTemplate": false,
    "count": 0,
    "updated": 0
  },
  {
    "id": "d08f8e39-6533-4a26-8f8a-31318361075b",
    "data": [
      {
        "text": "8",
        "meta": "@sys.ignore",
        "userDefined": false
      },
      {
        "text": ".",
        "userDefined": false
      }
    ],
    "isTemplate": false,
    "count": 0,
    "updated": 0
  }
]