[
  {
    "id": "03c1eede-1366-416c-9d2b-16dd8c09647e",
    "data": [
      {
        "text": "quatro",
        "meta": "@sys.ignore",
        "userDefined": false
      }
    ],
    "isTemplate": false,
    "count": 0,
    "updated": 0
  },
  {
    "id": "db01b3b6-18ea-46c4-97fc-258cf4c679a7",
    "data": [
      {
        "text": "4",
        "meta": "@sys.ignore",
        "userDefined": false
      }
    ],
    "isTemplate": false,
    "count": 0,
    "updated": 0
  },
  {
    "id": "e551d342-9848-4e48-a11e-db59d544d414",
    "data": [
      {
        "text": "4",
        "meta": "@sys.ignore",
        "userDefined": false
      },
      {
        "text": ".",
        "userDefined": false
      }
    ],
    "isTemplate": false,
    "count": 0,
    "updated": 0
  }
]