[
  {
    "id": "707626bb-3e01-494d-8e05-353c82f79f4a",
    "data": [
      {
        "text": "Posso utilizar ",
        "userDefined": false
      },
      {
        "text": "o caixa eletrônico",
        "meta": "@sys.ignore",
        "userDefined": false
      },
      {
        "text": "?",
        "userDefined": false
      }
    ],
    "isTemplate": false,
    "count": 0,
    "updated": 0
  },
  {
    "id": "da3adbfe-c8eb-4c92-8724-bdc6e3849c9d",
    "data": [
      {
        "text": "Posso retirar dinheiro em ",
        "userDefined": false
      },
      {
        "text": "caixas eletrônicos",
        "meta": "@sys.ignore",
        "userDefined": false
      },
      {
        "text": "? Qual cuidado devo ter?",
        "userDefined": false
      }
    ],
    "isTemplate": false,
    "count": 0,
    "updated": 0
  }
]