[
  {
    "id": "9d1ff48c-76fc-45ec-8cb5-edac887a600a",
    "data": [
      {
        "text": "seis",
        "meta": "@sys.ignore",
        "userDefined": false
      }
    ],
    "isTemplate": false,
    "count": 0,
    "updated": 0
  },
  {
    "id": "dec5fde3-fa6b-4983-8097-93a494a69a92",
    "data": [
      {
        "text": "6",
        "meta": "@sys.ignore",
        "userDefined": false
      }
    ],
    "isTemplate": false,
    "count": 0,
    "updated": 0
  },
  {
    "id": "3f17593d-1e87-4207-b719-21dc8dd3dae7",
    "data": [
      {
        "text": "6",
        "meta": "@sys.ignore",
        "userDefined": false
      },
      {
        "text": ".",
        "userDefined": false
      }
    ],
    "isTemplate": false,
    "count": 0,
    "updated": 0
  }
]