[
  {
    "id": "d314b79f-c2c9-4133-a15b-ee0ab23df199",
    "data": [
      {
        "text": "É possível pegar o coronavírus pelo celular?",
        "userDefined": false
      }
    ],
    "isTemplate": false,
    "count": 0,
    "lang": "pt-br",
    "updated": 0
  },
  {
    "id": "724a127c-ad0f-4c52-9fef-cee496ca9091",
    "data": [
      {
        "text": "Existe o risco de pegar o coronavírus pelo celular?",
        "userDefined": false
      }
    ],
    "isTemplate": false,
    "count": 0,
    "lang": "pt-br",
    "updated": 0
  },
  {
    "id": "5aed4fb9-11e3-4283-93cc-24555ddfc45a",
    "data": [
      {
        "text": "Existe o risco de pegar o vírus pelo celular?",
        "userDefined": false
      }
    ],
    "isTemplate": false,
    "count": 0,
    "lang": "pt-br",
    "updated": 0
  },
  {
    "id": "f5882c82-312b-4155-bbbc-bee88b767e52",
    "data": [
      {
        "text": "Eu corro o risco de pegar o coronavírus pelo celular?",
        "userDefined": false
      }
    ],
    "isTemplate": false,
    "count": 0,
    "lang": "pt-br",
    "updated": 0
  },
  {
    "id": "c99a67be-e930-4491-8f55-9dd3ba8b0859",
    "data": [
      {
        "text": "Eu corro o risco de pegar o vírus pelo celular?",
        "userDefined": false
      }
    ],
    "isTemplate": false,
    "count": 0,
    "lang": "pt-br",
    "updated": 0
  },
  {
    "id": "9b0b3f26-e2f1-4a93-966c-def584503ef4",
    "data": [
      {
        "text": "Posso pegar o vírus pelo celular?",
        "userDefined": false
      }
    ],
    "isTemplate": false,
    "count": 0,
    "lang": "pt-br",
    "updated": 0
  },
  {
    "id": "9c82d2e8-ed82-4415-a03b-751d0ca29c1a",
    "data": [
      {
        "text": "Posso pegar o coronavírus pelo celular?",
        "userDefined": false
      }
    ],
    "isTemplate": false,
    "count": 0,
    "lang": "pt-br",
    "updated": 0
  },
  {
    "id": "3264769c-a49c-41c0-b6e6-8e37990ca535",
    "data": [
      {
        "text": "Como faço ",
        "userDefined": false
      },
      {
        "text": "para",
        "meta": "@sys.location",
        "alias": "location",
        "userDefined": false
      },
      {
        "text": " limpar o meu celular?",
        "userDefined": false
      }
    ],
    "isTemplate": false,
    "count": 0,
    "lang": "pt-br",
    "updated": 0
  },
  {
    "id": "ec086b44-20e3-453a-aee6-858d0f47e469",
    "data": [
      {
        "text": "Como faço ",
        "userDefined": false
      },
      {
        "text": "para",
        "meta": "@sys.location",
        "alias": "location",
        "userDefined": false
      },
      {
        "text": " higienizar o celular?",
        "userDefined": false
      }
    ],
    "isTemplate": false,
    "count": 0,
    "lang": "pt-br",
    "updated": 0
  },
  {
    "id": "a892fb10-950a-4ef5-9d04-2232cc47350b",
    "data": [
      {
        "text": "O coronavírus fica no celular?",
        "userDefined": false
      }
    ],
    "isTemplate": false,
    "count": 0,
    "lang": "pt-br",
    "updated": 0
  },
  {
    "id": "26b1801f-4e6b-4c02-92b8-2e636608bf88",
    "data": [
      {
        "text": "O vírus fica no celular?",
        "userDefined": false
      }
    ],
    "isTemplate": false,
    "count": 0,
    "lang": "pt-br",
    "updated": 0
  },
  {
    "id": "24968369-77d6-49d3-a089-e666abefa9fd",
    "data": [
      {
        "text": "O celular pode transmitir o coronavírus?",
        "userDefined": false
      }
    ],
    "isTemplate": false,
    "count": 0,
    "lang": "pt-br",
    "updated": 0
  },
  {
    "id": "427c427c-be38-4a36-b2c8-c4c49097c84c",
    "data": [
      {
        "text": "O celular pode ser ",
        "userDefined": false
      },
      {
        "text": "um meio",
        "meta": "@sys.ignore",
        "userDefined": false
      },
      {
        "text": " de transmissão do coronavírus? O que devo fazer?",
        "userDefined": false
      }
    ],
    "isTemplate": false,
    "count": 0,
    "lang": "pt-br",
    "updated": 0
  }
]