[
  {
    "id": "a5436998-c29c-4453-8d6c-44b5abff023f",
    "data": [
      {
        "text": "cinco",
        "meta": "@sys.ignore",
        "userDefined": false
      }
    ],
    "isTemplate": false,
    "count": 0,
    "lang": "pt-br",
    "updated": 0
  },
  {
    "id": "995f3a1f-0aab-44d9-a383-26e93b5d4d06",
    "data": [
      {
        "text": "5",
        "meta": "@sys.ignore",
        "userDefined": false
      }
    ],
    "isTemplate": false,
    "count": 0,
    "lang": "pt-br",
    "updated": 0
  },
  {
    "id": "59759334-958f-4a05-b5c8-db5b1041ac34",
    "data": [
      {
        "text": "5",
        "meta": "@sys.ignore",
        "userDefined": false
      },
      {
        "text": ".",
        "userDefined": false
      }
    ],
    "isTemplate": false,
    "count": 0,
    "lang": "pt-br",
    "updated": 0
  }
]