[
  {
    "id": "87dde385-eed9-4e3c-b582-a169245e95f3",
    "data": [
      {
        "text": "Posso ir ",
        "userDefined": false
      },
      {
        "text": "para a academia",
        "meta": "@sys.ignore",
        "userDefined": false
      },
      {
        "text": "?",
        "userDefined": false
      }
    ],
    "isTemplate": false,
    "count": 1,
    "updated": 0
  },
  {
    "id": "79eab12e-c21d-4c1c-956e-920ed268f6d4",
    "data": [
      {
        "text": "Eu posso ir ",
        "userDefined": false
      },
      {
        "text": "à academia",
        "meta": "@sys.ignore",
        "userDefined": false
      },
      {
        "text": "?",
        "userDefined": false
      }
    ],
    "isTemplate": false,
    "count": 0,
    "updated": 0
  }
]