[
  {
    "data": [
      {
        "text": "posso utilizar o interferon ",
        "userDefined": false
      },
      {
        "text": "para",
        "meta": "@sys.ignore",
        "userDefined": false
      },
      {
        "text": " o tratamento do covid?",
        "userDefined": false
      }
    ],
    "isTemplate": false,
    "count": 0,
    "lang": "pt-br",
    "updated": 0
  },
  {
    "data": [
      {
        "text": "O interferon é ",
        "userDefined": false
      },
      {
        "text": "um",
        "meta": "@sys.ignore",
        "userDefined": false
      },
      {
        "text": " tratamento contra o coronavírus?",
        "userDefined": false
      }
    ],
    "isTemplate": false,
    "count": 0,
    "lang": "pt-br",
    "updated": 0
  }
]