[
  {
    "id": "d59649d1-7103-4719-9f31-1428d9ef3088",
    "data": [
      {
        "text": "quantas pessoas podem ser contaminadas por ",
        "userDefined": false
      },
      {
        "text": "um",
        "meta": "@sys.ignore",
        "userDefined": false
      },
      {
        "text": " doente?",
        "userDefined": false
      }
    ],
    "isTemplate": false,
    "count": 0,
    "updated": 0
  },
  {
    "id": "ad2befcf-e3c4-4349-86aa-ac0b6679179e",
    "data": [
      {
        "text": "uma",
        "meta": "@sys.ignore",
        "userDefined": false
      },
      {
        "text": " pessoa contaminada transmite o vírus pra quantas pessoas?",
        "userDefined": false
      }
    ],
    "isTemplate": false,
    "count": 0,
    "updated": 0
  },
  {
    "id": "448b9eea-7f33-4760-9f37-d803a42790a2",
    "data": [
      {
        "text": "Para",
        "meta": "@sys.ignore",
        "userDefined": false
      },
      {
        "text": " quantos indivíduos, em média, ",
        "userDefined": false
      },
      {
        "text": "uma",
        "meta": "@sys.ignore",
        "userDefined": false
      },
      {
        "text": " pessoa contaminada transmite o coronavírus?",
        "userDefined": false
      }
    ],
    "isTemplate": false,
    "count": 0,
    "updated": 0
  }
]