[
  {
    "id": "20c9a03d-2f18-4740-bd42-646815388209",
    "data": [
      {
        "text": "sete",
        "meta": "@sys.ignore",
        "userDefined": false
      }
    ],
    "isTemplate": false,
    "count": 0,
    "updated": 0
  },
  {
    "id": "87d1d9d9-f638-419e-903d-45cd2f885560",
    "data": [
      {
        "text": "7",
        "meta": "@sys.ignore",
        "userDefined": false
      }
    ],
    "isTemplate": false,
    "count": 0,
    "updated": 0
  },
  {
    "id": "c0233a79-8a5c-4604-9348-4f13349faaeb",
    "data": [
      {
        "text": "7",
        "meta": "@sys.ignore",
        "userDefined": false
      },
      {
        "text": ".",
        "userDefined": false
      }
    ],
    "isTemplate": false,
    "count": 0,
    "updated": 0
  }
]