[
  {
    "id": "e34e3d4f-cbab-496c-af98-9b0259747e2a",
    "data": [
      {
        "text": "Posso lavar as mãos com",
        "meta": "@sys.ignore",
        "userDefined": false
      },
      {
        "text": " sabão em ",
        "userDefined": false
      },
      {
        "text": "barra",
        "meta": "@sys.ignore",
        "userDefined": false
      },
      {
        "text": "?",
        "userDefined": false
      }
    ],
    "isTemplate": false,
    "count": 0,
    "updated": 0
  },
  {
    "id": "25c9a08d-ef6f-4f1c-8a47-14055d860d12",
    "data": [
      {
        "text": "Posso utilizar sabão em ",
        "userDefined": false
      },
      {
        "text": "barra",
        "meta": "@sys.ignore",
        "userDefined": false
      },
      {
        "text": " ",
        "userDefined": false
      },
      {
        "text": "para",
        "meta": "@sys.ignore",
        "userDefined": false
      },
      {
        "text": " fazer a lavagem das mãos?",
        "userDefined": false
      }
    ],
    "isTemplate": false,
    "count": 0,
    "updated": 0
  }
]