[
  {
    "id": "a1f008cb-2235-4892-9b0c-1b6f47a11066",
    "data": [
      {
        "text": "dez",
        "meta": "@sys.ignore",
        "userDefined": false
      }
    ],
    "isTemplate": false,
    "count": 0,
    "updated": 0
  },
  {
    "id": "c39e42f9-7f95-48f6-b4fb-7c5bfcf0a07e",
    "data": [
      {
        "text": "10",
        "meta": "@sys.ignore",
        "userDefined": false
      }
    ],
    "isTemplate": false,
    "count": 0,
    "updated": 0
  },
  {
    "id": "867301f1-b056-4306-81e7-1152192b6a07",
    "data": [
      {
        "text": "10",
        "meta": "@sys.ignore",
        "userDefined": false
      },
      {
        "text": ".",
        "userDefined": false
      }
    ],
    "isTemplate": false,
    "count": 0,
    "updated": 0
  }
]