[
  {
    "id": "d2431adb-c0a4-4c79-8e98-2113990fb901",
    "data": [
      {
        "text": "quando chegar em casa, o que devo fazer?",
        "userDefined": false
      }
    ],
    "isTemplate": false,
    "count": 0,
    "updated": 0
  },
  {
    "id": "157e2869-4a24-47fe-a983-b44a8af3cf95",
    "data": [
      {
        "text": "O que devo fazer ao chegar em ",
        "userDefined": false
      },
      {
        "text": "casa da rua",
        "meta": "@sys.ignore",
        "userDefined": false
      },
      {
        "text": "?",
        "userDefined": false
      }
    ],
    "isTemplate": false,
    "count": 0,
    "updated": 0
  }
]