[
  {
    "id": "ae3e100c-5418-4367-8456-092d951c1285",
    "data": [
      {
        "text": "dois",
        "meta": "@sys.ignore",
        "userDefined": false
      }
    ],
    "isTemplate": false,
    "count": 0,
    "updated": 0
  },
  {
    "id": "f43e80f5-3015-4b98-876a-acbb3a5a42ec",
    "data": [
      {
        "text": "2",
        "meta": "@sys.ignore",
        "userDefined": false
      }
    ],
    "isTemplate": false,
    "count": 0,
    "updated": 0
  },
  {
    "id": "a9d4e8bd-014f-4ffe-9680-91125e93c072",
    "data": [
      {
        "text": "2",
        "meta": "@sys.ignore",
        "userDefined": false
      },
      {
        "text": ".",
        "userDefined": false
      }
    ],
    "isTemplate": false,
    "count": 0,
    "updated": 0
  }
]