[
  {
    "id": "6aba7332-67a7-4b84-bc57-df03661367e8",
    "data": [
      {
        "text": "A cloroquina é ",
        "userDefined": false
      },
      {
        "text": "um",
        "meta": "@sys.ignore",
        "userDefined": false
      },
      {
        "text": " tratamento eficaz contra o coronavírus?",
        "userDefined": false
      }
    ],
    "isTemplate": false,
    "count": 0,
    "updated": 0
  },
  {
    "id": "e18a538d-b71b-4e45-8aba-264f6504f05d",
    "data": [
      {
        "text": "A cloroquina e a hidroxicloroquina são tratamentos eficazes contra o coronavírus?",
        "userDefined": false
      }
    ],
    "isTemplate": false,
    "count": 0,
    "updated": 0
  }
]