[
  {
    "id": "b0ef6a6b-f0b0-428c-9c2a-fee9631a7996",
    "data": [
      {
        "text": "como fica a ",
        "userDefined": false
      },
      {
        "text": "saúde",
        "meta": "@sys.ignore",
        "userDefined": false
      },
      {
        "text": " do ",
        "userDefined": false
      },
      {
        "text": "meu bêbe",
        "meta": "@sys.ignore",
        "userDefined": false
      },
      {
        "text": "?",
        "userDefined": false
      }
    ],
    "isTemplate": false,
    "count": 0,
    "updated": 0
  },
  {
    "id": "5ae6c99a-91dc-4586-96f0-3cd47c973614",
    "data": [
      {
        "text": "Se a grávida tem COVID-",
        "userDefined": false
      },
      {
        "text": "19",
        "meta": "@sys.ignore",
        "userDefined": false
      },
      {
        "text": ", a doença pode afetar o ",
        "userDefined": false
      },
      {
        "text": "bebê",
        "meta": "@sys.ignore",
        "userDefined": false
      },
      {
        "text": "?",
        "userDefined": false
      }
    ],
    "isTemplate": false,
    "count": 0,
    "updated": 0
  }
]