[
  {
    "id": "82c6a364-e3f1-40a1-a7bd-0c91ccae5b34",
    "data": [
      {
        "text": "que tipo de máscara é adequada contra o coronavírus?",
        "userDefined": false
      }
    ],
    "isTemplate": false,
    "count": 0,
    "updated": 0
  },
  {
    "id": "ed606d72-e9fa-45c5-bb01-d9cd6ab5130e",
    "data": [
      {
        "text": "Qual máscara devo usar ",
        "userDefined": false
      },
      {
        "text": "para",
        "meta": "@sys.ignore",
        "userDefined": false
      },
      {
        "text": " me proteger contra o coronavírus?",
        "userDefined": false
      }
    ],
    "isTemplate": false,
    "count": 0,
    "updated": 0
  }
]