[
  {
    "id": "345e2dbb-7bc1-4768-ba05-518ee0cba6ef",
    "data": [
      {
        "text": "quando for pra fora, tenho que usar máscara?",
        "userDefined": false
      }
    ],
    "isTemplate": false,
    "count": 0,
    "updated": 0
  },
  {
    "id": "c433a932-9366-46ab-8131-30a5732a83de",
    "data": [
      {
        "text": "Devo usar máscara ao sair na ",
        "userDefined": false
      },
      {
        "text": "rua?",
        "meta": "@sys.ignore",
        "userDefined": false
      }
    ],
    "isTemplate": false,
    "count": 0,
    "updated": 0
  }
]