[
  {
    "id": "0d921237-8a04-46e2-8623-db4da2327166",
    "data": [
      {
        "text": "Posso fazer visitas durante o isolamento?",
        "userDefined": false
      }
    ],
    "isTemplate": false,
    "count": 0,
    "updated": 0
  },
  {
    "id": "caf6ab2e-c9fe-4abe-b020-e2a004df109a",
    "data": [
      {
        "text": "Posso fazer visitas na quarentena?",
        "userDefined": false
      }
    ],
    "isTemplate": false,
    "count": 0,
    "updated": 0
  },
  {
    "id": "4a75a058-1c9f-4704-aa26-1c7bba78c337",
    "data": [
      {
        "text": "Posso visitar minha família nos fins de semana?",
        "userDefined": false
      }
    ],
    "isTemplate": false,
    "count": 0,
    "updated": 0
  },
  {
    "id": "94b7960c-bbf7-43f0-9177-4db523fe9e5a",
    "data": [
      {
        "text": "queria ir visitar meus ",
        "userDefined": false
      },
      {
        "text": "pais",
        "meta": "@sys.ignore",
        "userDefined": false
      },
      {
        "text": ", pode?",
        "userDefined": false
      }
    ],
    "isTemplate": false,
    "count": 0,
    "updated": 0
  },
  {
    "id": "d55779cc-e070-4d14-82fd-9fb0190d2c44",
    "data": [
      {
        "text": "será que eu posso visitar meus avós?",
        "userDefined": false
      }
    ],
    "isTemplate": false,
    "count": 0,
    "updated": 0
  },
  {
    "id": "27cf91f3-6dd2-49cc-bfc1-31679ca96549",
    "data": [
      {
        "text": "eu posso ir ver meus ",
        "userDefined": false
      },
      {
        "text": "pais",
        "alias": "last-name",
        "meta": "@sys.last-name",
        "userDefined": false
      },
      {
        "text": "?",
        "userDefined": false
      }
    ],
    "isTemplate": false,
    "count": 0,
    "updated": 0
  },
  {
    "id": "de226fc7-f7d7-4c9f-824a-a00e2c9aa06e",
    "data": [
      {
        "text": "será que eu posso visitar meus ",
        "userDefined": false
      },
      {
        "text": "pais",
        "alias": "last-name",
        "meta": "@sys.last-name",
        "userDefined": false
      },
      {
        "text": "?",
        "userDefined": false
      }
    ],
    "isTemplate": false,
    "count": 0,
    "updated": 0
  },
  {
    "id": "2378e68c-b3ca-4902-997f-1d8ce0ccb0b9",
    "data": [
      {
        "text": "quero visitar meus ",
        "userDefined": false
      },
      {
        "text": "pais",
        "meta": "@sys.ignore",
        "userDefined": false
      },
      {
        "text": ", posso?",
        "userDefined": false
      }
    ],
    "isTemplate": false,
    "count": 0,
    "updated": 0
  },
  {
    "id": "42b0a781-fa3b-49a6-bfe0-f334fc100ce5",
    "data": [
      {
        "text": "Posso visitar familiares?",
        "userDefined": false
      }
    ],
    "isTemplate": false,
    "count": 0,
    "updated": 0
  },
  {
    "id": "44aacc96-69db-4424-95dc-dbbff0e80d88",
    "data": [
      {
        "text": "Posso visitar os parentes normalmente?",
        "userDefined": false
      }
    ],
    "isTemplate": false,
    "count": 0,
    "updated": 0
  }
]