[
  {
    "id": "dd55c8ce-b41e-4cdd-a44f-6153db053e59",
    "data": [
      {
        "text": "tres",
        "meta": "@sys.ignore",
        "userDefined": false
      }
    ],
    "isTemplate": false,
    "count": 0,
    "updated": 0
  },
  {
    "id": "35fabafe-759d-4fee-9132-de6f2aa684ae",
    "data": [
      {
        "text": "três",
        "meta": "@sys.ignore",
        "userDefined": false
      }
    ],
    "isTemplate": false,
    "count": 0,
    "updated": 0
  },
  {
    "id": "369dea8a-3ed7-4944-87a2-8375abfd97db",
    "data": [
      {
        "text": "3",
        "meta": "@sys.ignore",
        "userDefined": false
      }
    ],
    "isTemplate": false,
    "count": 0,
    "updated": 0
  },
  {
    "id": "f29387d0-bdc4-40f4-bf4e-33b11e4741a0",
    "data": [
      {
        "text": "3",
        "meta": "@sys.ignore",
        "userDefined": false
      },
      {
        "text": ".",
        "userDefined": false
      }
    ],
    "isTemplate": false,
    "count": 0,
    "updated": 0
  }
]