[
  {
    "id": "db719b71-f653-4d2e-aa00-d0bee5e85dcc",
    "data": [
      {
        "text": "Posso reutilizar ",
        "userDefined": false
      },
      {
        "text": "uma",
        "meta": "@sys.ignore",
        "userDefined": false
      },
      {
        "text": " máscara cirúrgica?",
        "userDefined": false
      }
    ],
    "isTemplate": false,
    "count": 0,
    "updated": 0
  },
  {
    "id": "b53a2fb4-5b35-48bf-9517-e1ec970ee291",
    "data": [
      {
        "text": "Posso lavar e reutilizar ",
        "userDefined": false
      },
      {
        "text": "uma",
        "meta": "@sys.ignore",
        "userDefined": false
      },
      {
        "text": " máscara cirúrgica?",
        "userDefined": false
      }
    ],
    "isTemplate": false,
    "count": 0,
    "updated": 0
  }
]