[
  {
    "id": "3f453766-31de-4bd1-8d03-bea3d86ff27d",
    "data": [
      {
        "text": "onze",
        "meta": "@sys.ignore",
        "userDefined": false
      }
    ],
    "isTemplate": false,
    "count": 0,
    "updated": 0
  },
  {
    "id": "ef952a07-457b-4e0f-a262-0b2e74b5a713",
    "data": [
      {
        "text": "11",
        "meta": "@sys.ignore",
        "userDefined": false
      }
    ],
    "isTemplate": false,
    "count": 0,
    "updated": 0
  },
  {
    "id": "6d996cff-fcdf-4831-a561-e2da408f2b27",
    "data": [
      {
        "text": "11",
        "meta": "@sys.ignore",
        "userDefined": false
      },
      {
        "text": ".",
        "userDefined": false
      }
    ],
    "isTemplate": false,
    "count": 0,
    "updated": 0
  }
]