[
  {
    "id": "f944e2ae-81a6-42a0-904e-1cc3f99e90dd",
    "data": [
      {
        "text": "10",
        "meta": "@sys.ignore",
        "userDefined": false
      }
    ],
    "isTemplate": false,
    "count": 0,
    "updated": 0
  },
  {
    "id": "ad8262aa-f47b-4560-9ec8-7c7d10792579",
    "data": [
      {
        "text": "10",
        "meta": "@sys.ignore",
        "userDefined": false
      },
      {
        "text": ".",
        "userDefined": false
      }
    ],
    "isTemplate": false,
    "count": 0,
    "updated": 0
  },
  {
    "id": "530871a1-ca03-467b-9721-292e9bb02e3d",
    "data": [
      {
        "text": "Gravidez e Coronavírus",
        "userDefined": false
      }
    ],
    "isTemplate": false,
    "count": 0,
    "updated": 0
  },
  {
    "id": "536ccf59-ea06-4b86-b0dd-b18a08f11071",
    "data": [
      {
        "text": "10",
        "meta": "@sys.ignore",
        "userDefined": false
      },
      {
        "text": ". Gravidez e Coronavírus",
        "userDefined": false
      }
    ],
    "isTemplate": false,
    "count": 0,
    "updated": 0
  }
]