[
  {
    "id": "19f050cb-6b06-4af7-8aa9-d776258fcf81",
    "data": [
      {
        "text": "oito",
        "meta": "@sys.ignore",
        "userDefined": false
      }
    ],
    "isTemplate": false,
    "count": 1,
    "updated": 0
  },
  {
    "id": "a674eeeb-6c9f-48d8-820a-1ce7a37d799f",
    "data": [
      {
        "text": "8",
        "meta": "@sys.ignore",
        "userDefined": false
      }
    ],
    "isTemplate": false,
    "count": 0,
    "updated": 0
  },
  {
    "id": "ec7ed375-6b27-4684-9c93-035d9fd81ba1",
    "data": [
      {
        "text": "8",
        "meta": "@sys.ignore",
        "userDefined": false
      },
      {
        "text": ".",
        "userDefined": false
      }
    ],
    "isTemplate": false,
    "count": 0,
    "updated": 0
  }
]