[
  {
    "id": "579c9b1b-4023-4a34-a728-675a8c8eee1b",
    "data": [
      {
        "text": "Quais são os principais sinais e sintomas da doença causada pelo coronavírus?",
        "userDefined": false
      }
    ],
    "isTemplate": false,
    "count": 0,
    "updated": 0
  },
  {
    "id": "cc48f3cf-2cc0-4ffa-b27f-1b9fe2d486ed",
    "data": [
      {
        "text": "sintomas do coronavírus",
        "userDefined": false
      }
    ],
    "isTemplate": false,
    "count": 0,
    "updated": 0
  },
  {
    "id": "75694bdd-9f13-4896-9de8-36c27d171d3c",
    "data": [
      {
        "text": "sintomas do covid",
        "userDefined": false
      }
    ],
    "isTemplate": false,
    "count": 0,
    "updated": 0
  },
  {
    "id": "adfe2e46-9fc4-4d41-b2e1-6c1ad636d1fd",
    "data": [
      {
        "text": "quais os sintomas?",
        "userDefined": false
      }
    ],
    "isTemplate": false,
    "count": 0,
    "updated": 0
  },
  {
    "id": "68434d41-1061-41f8-9234-a8b2c702684d",
    "data": [
      {
        "text": "o que sente uma pessoa com",
        "meta": "@sys.ignore",
        "userDefined": false
      },
      {
        "text": " coronavírus?",
        "userDefined": false
      }
    ],
    "isTemplate": false,
    "count": 0,
    "updated": 0
  },
  {
    "id": "d9cfeea5-c7f5-400f-86bc-7c6fa5e4ccae",
    "data": [
      {
        "text": "quais são os sintomas do coronavírus?",
        "userDefined": false
      }
    ],
    "isTemplate": false,
    "count": 0,
    "updated": 0
  },
  {
    "id": "b673d219-3912-4248-ae78-941aa8d50428",
    "data": [
      {
        "text": "quais são os principais sintomas e sinais?",
        "userDefined": false
      }
    ],
    "isTemplate": false,
    "count": 0,
    "updated": 0
  }
]