[
  {
    "data": [
      {
        "text": "eu estou gripado, devo buscar ",
        "userDefined": false
      },
      {
        "text": "o posto de saúde",
        "meta": "@sys.ignore",
        "userDefined": false
      },
      {
        "text": "?",
        "userDefined": false
      }
    ],
    "isTemplate": false,
    "count": 1,
    "lang": "pt-br",
    "updated": 0
  },
  {
    "data": [
      {
        "text": "devo procurar ",
        "userDefined": false
      },
      {
        "text": "o posto",
        "meta": "@sys.ignore",
        "userDefined": false
      },
      {
        "text": " se estiver gripado?",
        "userDefined": false
      }
    ],
    "isTemplate": false,
    "count": 0,
    "lang": "pt-br",
    "updated": 0
  },
  {
    "data": [
      {
        "text": "Se eu estiver com",
        "meta": "@sys.ignore",
        "userDefined": false
      },
      {
        "text": " algum sintoma gripal, devo procurar o serviço de ",
        "userDefined": false
      },
      {
        "text": "saúde",
        "meta": "@sys.ignore",
        "userDefined": false
      },
      {
        "text": "?",
        "userDefined": false
      }
    ],
    "isTemplate": false,
    "count": 0,
    "lang": "pt-br",
    "updated": 0
  }
]