[
  {
    "id": "cde73382-6d91-4d93-b34f-6299e17f0932",
    "data": [
      {
        "text": "existe tratamento?",
        "userDefined": false
      }
    ],
    "isTemplate": false,
    "count": 0,
    "updated": 0
  },
  {
    "id": "6a5db81a-06b8-48be-b046-613fce325313",
    "data": [
      {
        "text": "qual o tratamento ",
        "userDefined": false
      },
      {
        "text": "para",
        "meta": "@sys.ignore",
        "userDefined": false
      },
      {
        "text": " covid19?",
        "userDefined": false
      }
    ],
    "isTemplate": false,
    "count": 0,
    "updated": 0
  },
  {
    "id": "d681e520-4292-4b66-b5af-b3fee49dff94",
    "data": [
      {
        "text": "existe tratamento para a doença?",
        "userDefined": false
      }
    ],
    "isTemplate": false,
    "count": 0,
    "updated": 0
  },
  {
    "id": "3f1b1f76-9da0-4519-8bef-f97e120fbf86",
    "data": [
      {
        "text": "tratamento",
        "userDefined": false
      }
    ],
    "isTemplate": false,
    "count": 0,
    "updated": 0
  }
]