[
  {
    "id": "a5abadd1-75c7-4dbb-bac6-76fd0d04cce4",
    "data": [
      {
        "text": "O celular pode transmitir o coronavírus?",
        "userDefined": false
      }
    ],
    "isTemplate": false,
    "count": 0,
    "updated": 0
  },
  {
    "id": "ad687c6a-d992-4fc6-a4e6-3c31fe1e14fd",
    "data": [
      {
        "text": "O celular pode ser ",
        "userDefined": false
      },
      {
        "text": "um meio",
        "meta": "@sys.ignore",
        "userDefined": false
      },
      {
        "text": " de transmissão do coronavírus? O que devo fazer?",
        "userDefined": false
      }
    ],
    "isTemplate": false,
    "count": 0,
    "updated": 0
  }
]