[
  {
    "id": "d3db4cb1-ca4f-4c40-9ddf-0e817e0a5bb9",
    "data": [
      {
        "text": "posso sair de casa gripado?",
        "userDefined": false
      }
    ],
    "isTemplate": false,
    "count": 0,
    "updated": 0
  },
  {
    "id": "e39ce643-f71f-44aa-a9be-5d6f23059a5b",
    "data": [
      {
        "text": "posso sair de casa com",
        "meta": "@sys.ignore",
        "userDefined": false
      },
      {
        "text": " gripe?",
        "userDefined": false
      }
    ],
    "isTemplate": false,
    "count": 0,
    "updated": 0
  },
  {
    "id": "97f1c539-22d8-4441-8ff2-1954a18e2d78",
    "data": [
      {
        "text": "Se eu estiver com",
        "meta": "@sys.ignore",
        "userDefined": false
      },
      {
        "text": " algum sintoma gripal, posso sair de casa?",
        "userDefined": false
      }
    ],
    "isTemplate": false,
    "count": 0,
    "updated": 0
  }
]