[
  {
    "id": "ec06826e-658f-4ca1-bb6a-67f569955eb5",
    "data": [
      {
        "text": "o que faço ",
        "userDefined": false
      },
      {
        "text": "para",
        "meta": "@sys.ignore",
        "userDefined": false
      },
      {
        "text": " proteger ",
        "userDefined": false
      },
      {
        "text": "meu bebê",
        "meta": "@sys.ignore",
        "userDefined": false
      },
      {
        "text": " do coronavírus?",
        "userDefined": false
      }
    ],
    "isTemplate": false,
    "count": 0,
    "updated": 0
  },
  {
    "id": "b92de673-9319-44be-8c90-70510173068b",
    "data": [
      {
        "text": "O que eu preciso fazer ",
        "userDefined": false
      },
      {
        "text": "para",
        "meta": "@sys.ignore",
        "userDefined": false
      },
      {
        "text": " evitar ",
        "userDefined": false
      },
      {
        "text": "que o meu bebê seja infectado com",
        "meta": "@sys.ignore",
        "userDefined": false
      },
      {
        "text": " o novo coronavirus?",
        "userDefined": false
      }
    ],
    "isTemplate": false,
    "count": 0,
    "updated": 0
  }
]