[
  {
    "id": "bcf6c2d8-d43b-4fac-8a29-4694b37db707",
    "data": [
      {
        "text": "sete",
        "meta": "@sys.ignore",
        "userDefined": false
      }
    ],
    "isTemplate": false,
    "count": 0,
    "updated": 0
  },
  {
    "id": "a079a1ff-c0e7-48df-a29f-fce18da4df59",
    "data": [
      {
        "text": "7",
        "meta": "@sys.ignore",
        "userDefined": false
      }
    ],
    "isTemplate": false,
    "count": 0,
    "updated": 0
  },
  {
    "id": "ab20c909-7fe1-4540-b978-d06dae9106f3",
    "data": [
      {
        "text": "7",
        "meta": "@sys.ignore",
        "userDefined": false
      },
      {
        "text": ".",
        "userDefined": false
      }
    ],
    "isTemplate": false,
    "count": 0,
    "updated": 0
  }
]