[
  {
    "id": "ab75e4aa-cbf2-4060-bcae-6d6c44251ce3",
    "data": [
      {
        "text": "um",
        "meta": "@sys.ignore",
        "userDefined": false
      }
    ],
    "isTemplate": false,
    "count": 0,
    "updated": 0
  },
  {
    "id": "73fc4d95-ce43-4acd-ba67-e08797526a2c",
    "data": [
      {
        "text": "1",
        "meta": "@sys.ignore",
        "userDefined": false
      }
    ],
    "isTemplate": false,
    "count": 0,
    "updated": 0
  },
  {
    "id": "7bc3ddfe-3a43-4d2f-852b-99fc26032176",
    "data": [
      {
        "text": "1",
        "meta": "@sys.ignore",
        "userDefined": false
      },
      {
        "text": ".",
        "userDefined": false
      }
    ],
    "isTemplate": false,
    "count": 0,
    "updated": 0
  }
]