[
  {
    "id": "0050df76-a9b6-4838-b601-db61db7bf496",
    "data": [
      {
        "text": "onze",
        "meta": "@sys.ignore",
        "userDefined": false
      }
    ],
    "isTemplate": false,
    "count": 1,
    "updated": 0
  },
  {
    "id": "7eb5f355-e017-42a3-b96c-31c8b5d64669",
    "data": [
      {
        "text": "11",
        "meta": "@sys.ignore",
        "userDefined": false
      }
    ],
    "isTemplate": false,
    "count": 0,
    "updated": 0
  },
  {
    "id": "9f63304f-772e-4701-9f7d-37bf6451d273",
    "data": [
      {
        "text": "11",
        "meta": "@sys.ignore",
        "userDefined": false
      },
      {
        "text": ".",
        "userDefined": false
      }
    ],
    "isTemplate": false,
    "count": 0,
    "updated": 0
  }
]