[
  {
    "id": "e287b574-2442-4cf1-8ffd-3e1747153aa9",
    "data": [
      {
        "text": "o que é covid-",
        "userDefined": false
      },
      {
        "text": "19",
        "meta": "@sys.ignore",
        "userDefined": false
      },
      {
        "text": "?",
        "userDefined": false
      }
    ],
    "isTemplate": false,
    "count": 0,
    "updated": 0
  },
  {
    "id": "6a502168-2632-4318-8379-f34c40844fc0",
    "data": [
      {
        "text": "o que é a covid?",
        "userDefined": false
      }
    ],
    "isTemplate": false,
    "count": 0,
    "updated": 0
  },
  {
    "id": "444a06b1-9d9c-476d-839a-4b9556ec99e0",
    "data": [
      {
        "text": "o que é essa doença?",
        "userDefined": false
      }
    ],
    "isTemplate": false,
    "count": 1,
    "updated": 0
  }
]