[
  {
    "id": "eeb2dcef-6ae1-40e2-81bf-39b5aa0b0536",
    "data": [
      {
        "text": "como ajudar os animais de ",
        "userDefined": false
      },
      {
        "text": "rua sem",
        "meta": "@sys.ignore",
        "userDefined": false
      },
      {
        "text": " ser exposto?",
        "userDefined": false
      }
    ],
    "isTemplate": false,
    "count": 0,
    "updated": 0
  },
  {
    "id": "e68423b7-a7a4-4235-baf6-2dd2a11c9426",
    "data": [
      {
        "text": "Como posso ajudar os animais abandonados na minha vizinhança sem arriscar ",
        "userDefined": false
      },
      {
        "text": "minha saúde",
        "meta": "@sys.ignore",
        "userDefined": false
      },
      {
        "text": "?",
        "userDefined": false
      }
    ],
    "isTemplate": false,
    "count": 0,
    "updated": 0
  }
]