[
  {
    "id": "f423c31d-7cbb-4ab8-b851-1f0fcf3e5ab9",
    "data": [
      {
        "text": "posso utilizar uber?",
        "userDefined": false
      }
    ],
    "isTemplate": false,
    "count": 0,
    "updated": 0
  },
  {
    "id": "fd50d918-e1cc-4179-8d98-82c9a0ced4a3",
    "data": [
      {
        "text": "Posso utilizar ",
        "userDefined": false
      },
      {
        "text": "carros",
        "meta": "@sys.ignore",
        "userDefined": false
      },
      {
        "text": " de aplicativos ou ",
        "userDefined": false
      },
      {
        "text": "táxis",
        "meta": "@sys.ignore",
        "userDefined": false
      },
      {
        "text": "?",
        "userDefined": false
      }
    ],
    "isTemplate": false,
    "count": 0,
    "updated": 0
  },
  {
    "id": "9ccab15b-edbe-4665-a48c-b13b90dfccf0",
    "data": [
      {
        "text": "Nos ",
        "userDefined": false
      },
      {
        "text": "carros",
        "meta": "@sys.ignore",
        "userDefined": false
      },
      {
        "text": " de aplicativos e ",
        "userDefined": false
      },
      {
        "text": "táxis",
        "meta": "@sys.ignore",
        "userDefined": false
      },
      {
        "text": " é melhor ar condicionado ou janela aberta?",
        "userDefined": false
      }
    ],
    "isTemplate": false,
    "count": 0,
    "updated": 0
  }
]