[
  {
    "id": "4b586de9-891e-4b35-ad8b-9a1d3982d898",
    "data": [
      {
        "text": "como devo proceder se tiver alguém com",
        "meta": "@sys.ignore",
        "userDefined": false
      },
      {
        "text": " ",
        "userDefined": false
      },
      {
        "text": "corona",
        "meta": "@sys.ignore",
        "userDefined": false
      },
      {
        "text": " em casa?",
        "userDefined": false
      }
    ],
    "isTemplate": false,
    "count": 0,
    "updated": 0
  },
  {
    "id": "3d932ed1-a0be-4a40-b867-a49d74190cfc",
    "data": [
      {
        "text": "Se houver uma pessoa com",
        "meta": "@sys.ignore",
        "userDefined": false
      },
      {
        "text": " sintomas gripais que ",
        "userDefined": false
      },
      {
        "text": "resida",
        "meta": "@sys.ignore",
        "userDefined": false
      },
      {
        "text": " na mesma casa que eu, ",
        "userDefined": false
      },
      {
        "text": "como",
        "meta": "@sys.ignore",
        "userDefined": false
      },
      {
        "text": " devemos proceder?",
        "userDefined": false
      }
    ],
    "isTemplate": false,
    "count": 0,
    "updated": 0
  }
]