[
  {
    "id": "c5e1d83d-0ba2-4a2a-9629-75d778545b0d",
    "data": [
      {
        "text": "seis",
        "meta": "@sys.ignore",
        "userDefined": false
      }
    ],
    "isTemplate": false,
    "count": 0,
    "lang": "pt-br",
    "updated": 0
  },
  {
    "id": "10564c08-f48b-44f2-872a-63278e54e990",
    "data": [
      {
        "text": "6",
        "meta": "@sys.ignore",
        "userDefined": false
      }
    ],
    "isTemplate": false,
    "count": 0,
    "lang": "pt-br",
    "updated": 0
  },
  {
    "id": "f763e1dc-2870-4f26-9e51-2cc4c173cc1b",
    "data": [
      {
        "text": "6",
        "meta": "@sys.ignore",
        "userDefined": false
      },
      {
        "text": ".",
        "userDefined": false
      }
    ],
    "isTemplate": false,
    "count": 0,
    "lang": "pt-br",
    "updated": 0
  }
]