[
  {
    "id": "17c721c2-d76a-4efe-8b70-24d195879c3d",
    "data": [
      {
        "text": "treze",
        "userDefined": false
      }
    ],
    "isTemplate": false,
    "count": 0,
    "lang": "pt-br",
    "updated": 0
  },
  {
    "id": "620af9e0-8df7-460a-a4cb-b8e37d34c112",
    "data": [
      {
        "text": "13",
        "meta": "@sys.ignore",
        "userDefined": false
      }
    ],
    "isTemplate": false,
    "count": 0,
    "lang": "pt-br",
    "updated": 0
  },
  {
    "id": "b6efa883-967d-431a-b148-9360aad3d6e8",
    "data": [
      {
        "text": "13",
        "meta": "@sys.ignore",
        "userDefined": false
      },
      {
        "text": ".",
        "userDefined": false
      }
    ],
    "isTemplate": false,
    "count": 0,
    "lang": "pt-br",
    "updated": 0
  }
]