[
  {
    "id": "e4c53afb-fa1b-4aca-ad1a-5aae553fbc20",
    "data": [
      {
        "text": "onze",
        "meta": "@sys.ignore",
        "userDefined": false
      }
    ],
    "isTemplate": false,
    "count": 0,
    "updated": 0
  },
  {
    "id": "e2861f0a-7633-4625-b854-8cb6f915fad3",
    "data": [
      {
        "text": "11",
        "meta": "@sys.ignore",
        "userDefined": false
      }
    ],
    "isTemplate": false,
    "count": 0,
    "updated": 0
  },
  {
    "id": "047e9d1e-77a6-4648-aa1c-6d8dd51c15a5",
    "data": [
      {
        "text": "11",
        "meta": "@sys.ignore",
        "userDefined": false
      },
      {
        "text": ".",
        "userDefined": false
      }
    ],
    "isTemplate": false,
    "count": 0,
    "updated": 0
  }
]