[
  {
    "id": "1656fdfc-8aad-43f0-9c49-939a98ea372d",
    "data": [
      {
        "text": "sete",
        "meta": "@sys.ignore",
        "userDefined": false
      }
    ],
    "isTemplate": false,
    "count": 0,
    "lang": "pt-br",
    "updated": 0
  },
  {
    "id": "55bb6d87-4aba-4142-957f-00ead4f6d3e1",
    "data": [
      {
        "text": "7",
        "meta": "@sys.ignore",
        "userDefined": false
      }
    ],
    "isTemplate": false,
    "count": 0,
    "lang": "pt-br",
    "updated": 0
  },
  {
    "id": "1cc8a1a6-e874-4d31-9103-94b1c829dda6",
    "data": [
      {
        "text": "7",
        "meta": "@sys.ignore",
        "userDefined": false
      },
      {
        "text": ".",
        "userDefined": false
      }
    ],
    "isTemplate": false,
    "count": 0,
    "lang": "pt-br",
    "updated": 0
  }
]