[
  {
    "id": "a0d34c0d-8c22-4dc1-bd62-6f643e4d7931",
    "data": [
      {
        "text": "Posso beijar e abraçar ",
        "userDefined": false
      },
      {
        "text": "meu pet",
        "meta": "@sys.ignore",
        "userDefined": false
      },
      {
        "text": "?",
        "userDefined": false
      }
    ],
    "isTemplate": false,
    "count": 1,
    "updated": 0
  },
  {
    "id": "4939fe56-e363-44ef-a1e9-c56cb38af0ee",
    "data": [
      {
        "text": "Posso beijar e abraçar meu cachorro?",
        "userDefined": false
      }
    ],
    "isTemplate": false,
    "count": 0,
    "updated": 0
  }
]