[
  {
    "id": "4d0df830-3e1b-4d9b-a11a-68bc86418117",
    "data": [
      {
        "text": "eu estou gripado, devo buscar ",
        "userDefined": false
      },
      {
        "text": "o posto de saúde",
        "meta": "@sys.ignore",
        "userDefined": false
      },
      {
        "text": "?",
        "userDefined": false
      }
    ],
    "isTemplate": false,
    "count": 1,
    "updated": 0
  },
  {
    "id": "82e90bfb-b460-448f-b2b5-60a1b79285dc",
    "data": [
      {
        "text": "devo procurar ",
        "userDefined": false
      },
      {
        "text": "o posto",
        "meta": "@sys.ignore",
        "userDefined": false
      },
      {
        "text": " se estiver gripado?",
        "userDefined": false
      }
    ],
    "isTemplate": false,
    "count": 0,
    "updated": 0
  },
  {
    "id": "e87b9b66-3b87-4ff6-bc6c-abe81939cef1",
    "data": [
      {
        "text": "Se eu estiver com",
        "meta": "@sys.ignore",
        "userDefined": false
      },
      {
        "text": " algum sintoma gripal, devo procurar o serviço de ",
        "userDefined": false
      },
      {
        "text": "saúde",
        "meta": "@sys.ignore",
        "userDefined": false
      },
      {
        "text": "?",
        "userDefined": false
      }
    ],
    "isTemplate": false,
    "count": 0,
    "updated": 0
  }
]