[
  {
    "id": "d005d7ea-8673-46b8-bf50-f2c94181035a",
    "data": [
      {
        "text": "ótimo",
        "meta": "@sys.ignore",
        "userDefined": false
      }
    ],
    "isTemplate": false,
    "count": 0,
    "updated": 0
  },
  {
    "id": "0e15f220-14d5-48a7-8021-97ef32a4f152",
    "data": [
      {
        "text": "agradecido",
        "userDefined": false
      }
    ],
    "isTemplate": false,
    "count": 0,
    "updated": 0
  },
  {
    "id": "0d716b78-4770-491e-ba8d-3a3300814101",
    "data": [
      {
        "text": "ok",
        "meta": "@sys.ignore",
        "userDefined": false
      }
    ],
    "isTemplate": false,
    "count": 0,
    "updated": 0
  },
  {
    "id": "a73e478c-d741-4d77-b551-b7ff3f0a5efb",
    "data": [
      {
        "text": "obrigado",
        "userDefined": false
      }
    ],
    "isTemplate": false,
    "count": 0,
    "updated": 0
  },
  {
    "id": "a22d8ece-d136-447e-ab8a-4ffe6b82ccb7",
    "data": [
      {
        "text": "muito obrigado",
        "userDefined": false
      }
    ],
    "isTemplate": false,
    "count": 0,
    "updated": 0
  }
]