[
  {
    "id": "149be07e-c8d2-4f9d-b7d3-e006b5e0b8dc",
    "data": [
      {
        "text": "quatro",
        "meta": "@sys.ignore",
        "userDefined": false
      }
    ],
    "isTemplate": false,
    "count": 0,
    "updated": 0
  },
  {
    "id": "bf4229ac-f6f3-4f63-a68e-6c19d10ed3e6",
    "data": [
      {
        "text": "4",
        "meta": "@sys.ignore",
        "userDefined": false
      }
    ],
    "isTemplate": false,
    "count": 0,
    "updated": 0
  },
  {
    "id": "13d516d8-dc17-429f-8d1b-a8e5bd9139a0",
    "data": [
      {
        "text": "4",
        "meta": "@sys.ignore",
        "userDefined": false
      },
      {
        "text": ".",
        "userDefined": false
      }
    ],
    "isTemplate": false,
    "count": 0,
    "updated": 0
  }
]