[
  {
    "id": "c4f7133e-4e50-4724-93f3-553ec139eece",
    "data": [
      {
        "text": "Posso produzir meu próprio álcool em gel?",
        "userDefined": false
      }
    ],
    "isTemplate": false,
    "count": 0,
    "updated": 0
  },
  {
    "id": "ecff4c53-b6da-4534-a048-cdb21b261b47",
    "data": [
      {
        "text": "Posso fazer o meu próprio álcool em gel em casa?",
        "userDefined": false
      }
    ],
    "isTemplate": false,
    "count": 0,
    "updated": 0
  }
]