[
  {
    "id": "455883c6-da4d-41da-906a-fbec0b43280d",
    "data": [
      {
        "text": "dois",
        "meta": "@sys.ignore",
        "userDefined": false
      }
    ],
    "isTemplate": false,
    "count": 0,
    "updated": 0
  },
  {
    "id": "b72aa6b0-7943-43b7-ab15-d3ee5ab01b46",
    "data": [
      {
        "text": "2",
        "meta": "@sys.ignore",
        "userDefined": false
      }
    ],
    "isTemplate": false,
    "count": 0,
    "updated": 0
  },
  {
    "id": "1cfa9af1-d0fe-4bed-83bf-c91adc3fb7c4",
    "data": [
      {
        "text": "2",
        "meta": "@sys.ignore",
        "userDefined": false
      },
      {
        "text": ".",
        "userDefined": false
      }
    ],
    "isTemplate": false,
    "count": 0,
    "updated": 0
  }
]