[
  {
    "id": "d93cf6d6-77a3-4fdc-992b-238bb514403d",
    "data": [
      {
        "text": "posso fazer a consulta do pré-",
        "userDefined": false
      },
      {
        "text": "natal mesmo com",
        "meta": "@sys.ignore",
        "userDefined": false
      },
      {
        "text": " ",
        "userDefined": false
      },
      {
        "text": "um",
        "meta": "@sys.ignore",
        "userDefined": false
      },
      {
        "text": " ",
        "userDefined": false
      },
      {
        "text": "parente",
        "meta": "@sys.ignore",
        "userDefined": false
      },
      {
        "text": " infectado?",
        "userDefined": false
      }
    ],
    "isTemplate": false,
    "count": 1,
    "updated": 0
  },
  {
    "id": "3f581e86-4e3e-4bcf-9acd-be850275e9b6",
    "data": [
      {
        "text": "Se alguém da minha casa estiver com",
        "meta": "@sys.ignore",
        "userDefined": false
      },
      {
        "text": " suspeita de COVID-",
        "userDefined": false
      },
      {
        "text": "19",
        "meta": "@sys.ignore",
        "userDefined": false
      },
      {
        "text": ", eu posso ir à consulta de pré-",
        "userDefined": false
      },
      {
        "text": "natal",
        "meta": "@sys.ignore",
        "userDefined": false
      },
      {
        "text": "?",
        "userDefined": false
      }
    ],
    "isTemplate": false,
    "count": 0,
    "updated": 0
  }
]