[
  {
    "data": [
      {
        "text": "Posso reutilizar ",
        "userDefined": false
      },
      {
        "text": "uma",
        "meta": "@sys.ignore",
        "userDefined": false
      },
      {
        "text": " máscara cirúrgica?",
        "userDefined": false
      }
    ],
    "isTemplate": false,
    "count": 0,
    "lang": "pt-br",
    "updated": 0
  },
  {
    "data": [
      {
        "text": "Posso lavar e reutilizar ",
        "userDefined": false
      },
      {
        "text": "uma",
        "meta": "@sys.ignore",
        "userDefined": false
      },
      {
        "text": " máscara cirúrgica?",
        "userDefined": false
      }
    ],
    "isTemplate": false,
    "count": 0,
    "lang": "pt-br",
    "updated": 0
  }
]