[
  {
    "id": "450663c4-2483-4fff-b681-edc7320b5b5c",
    "data": [
      {
        "text": "me explique o nome coronavírus",
        "userDefined": false
      }
    ],
    "isTemplate": false,
    "count": 0,
    "updated": 0
  },
  {
    "id": "31f49803-a3c4-47e7-a1aa-5ce16b39d787",
    "data": [
      {
        "text": "de onde veio esse nome: coronavírus?",
        "userDefined": false
      }
    ],
    "isTemplate": false,
    "count": 0,
    "updated": 0
  },
  {
    "id": "5953a313-17af-4d0d-8817-3acc1809f52c",
    "data": [
      {
        "text": "pq recebem o nome de coronavírus?",
        "userDefined": false
      }
    ],
    "isTemplate": false,
    "count": 0,
    "updated": 0
  },
  {
    "id": "a9013286-b874-496e-8e8a-e412c06d9d24",
    "data": [
      {
        "text": "Por",
        "meta": "@sys.ignore",
        "userDefined": false
      },
      {
        "text": " que recebem o nome de coronavírus?",
        "userDefined": false
      }
    ],
    "isTemplate": false,
    "count": 0,
    "updated": 0
  }
]