[
  {
    "id": "a0624252-e51a-46a2-82b4-655f0c9d97e5",
    "data": [
      {
        "text": "eu sou grupo de risco do ",
        "userDefined": false
      },
      {
        "text": "corona",
        "meta": "@sys.ignore",
        "userDefined": false
      },
      {
        "text": "?",
        "userDefined": false
      }
    ],
    "isTemplate": false,
    "count": 0,
    "updated": 0
  },
  {
    "id": "cfa5c3de-bc6f-4fc1-a524-ce753622448d",
    "data": [
      {
        "text": "eu sou grupo de risco da covid?",
        "userDefined": false
      }
    ],
    "isTemplate": false,
    "count": 0,
    "updated": 0
  },
  {
    "id": "aa942122-8a9f-45f2-ba80-f256ceaf12c0",
    "data": [
      {
        "text": "Como saber se pertenço aos grupos de risco?",
        "userDefined": false
      }
    ],
    "isTemplate": false,
    "count": 0,
    "updated": 0
  }
]