[
  {
    "id": "3872df88-30f9-4166-803c-501c07cc0428",
    "data": [
      {
        "text": "eu posso transmitir a doença depois de contaminado?",
        "userDefined": false
      }
    ],
    "isTemplate": false,
    "count": 0,
    "updated": 0
  },
  {
    "id": "a4f9c47c-7520-4597-b9c2-581bd0bddb10",
    "data": [
      {
        "text": "depois de infectado, eu posso transmitir o vírus?",
        "userDefined": false
      }
    ],
    "isTemplate": false,
    "count": 0,
    "updated": 0
  },
  {
    "id": "2c5985b6-5118-4b68-91eb-b3e405be4d0c",
    "data": [
      {
        "text": "Durante quanto tempo o indivíduo contaminado é capaz ",
        "userDefined": false
      },
      {
        "text": "de",
        "meta": "@sys.ignore",
        "userDefined": false
      },
      {
        "text": " transmitir o coronavírus?",
        "userDefined": false
      }
    ],
    "isTemplate": false,
    "count": 0,
    "updated": 0
  }
]