[
  {
    "id": "2b9d7798-9b7e-417c-854d-509574011930",
    "data": [
      {
        "text": "um",
        "meta": "@sys.ignore",
        "userDefined": false
      }
    ],
    "isTemplate": false,
    "count": 0,
    "updated": 0
  },
  {
    "id": "f15220f1-b88a-4adb-9b15-8e5ac4d96a2b",
    "data": [
      {
        "text": "1",
        "meta": "@sys.ignore",
        "userDefined": false
      }
    ],
    "isTemplate": false,
    "count": 0,
    "updated": 0
  },
  {
    "id": "ac54d6f9-d8b0-4ad0-95f8-b8e3aa0ad791",
    "data": [
      {
        "text": "1",
        "meta": "@sys.ignore",
        "userDefined": false
      },
      {
        "text": ".",
        "userDefined": false
      }
    ],
    "isTemplate": false,
    "count": 0,
    "updated": 0
  }
]