[
  {
    "id": "e3e6e49d-7c65-412b-9713-5e2d3509437e",
    "data": [
      {
        "text": "posso utilizar o interferon ",
        "userDefined": false
      },
      {
        "text": "para",
        "meta": "@sys.ignore",
        "userDefined": false
      },
      {
        "text": " o tratamento do covid?",
        "userDefined": false
      }
    ],
    "isTemplate": false,
    "count": 0,
    "updated": 0
  },
  {
    "id": "a400fe72-f6c9-4066-b07e-0c10c8a47f97",
    "data": [
      {
        "text": "O interferon é ",
        "userDefined": false
      },
      {
        "text": "um",
        "meta": "@sys.ignore",
        "userDefined": false
      },
      {
        "text": " tratamento contra o coronavírus?",
        "userDefined": false
      }
    ],
    "isTemplate": false,
    "count": 0,
    "updated": 0
  }
]