[
  {
    "id": "2dac2bac-dfb7-405b-9ab2-af720c57ae51",
    "data": [
      {
        "text": "três",
        "meta": "@sys.ignore",
        "userDefined": false
      }
    ],
    "isTemplate": false,
    "count": 0,
    "updated": 0
  },
  {
    "id": "76f6d0e5-698d-4942-af63-f5f5bbe920a7",
    "data": [
      {
        "text": "tres",
        "meta": "@sys.ignore",
        "userDefined": false
      }
    ],
    "isTemplate": false,
    "count": 0,
    "updated": 0
  },
  {
    "id": "e14ed994-d58e-4a49-b9bc-2d4cf9ff0f33",
    "data": [
      {
        "text": "3",
        "meta": "@sys.ignore",
        "userDefined": false
      }
    ],
    "isTemplate": false,
    "count": 0,
    "updated": 0
  },
  {
    "id": "ed267f00-784f-4768-9198-1ddcca6e89b6",
    "data": [
      {
        "text": "3",
        "meta": "@sys.ignore",
        "userDefined": false
      },
      {
        "text": ".",
        "userDefined": false
      }
    ],
    "isTemplate": false,
    "count": 0,
    "updated": 0
  }
]