[
  {
    "id": "f85ee2ca-3016-4a48-8672-95c9f23b6480",
    "data": [
      {
        "text": "cinco",
        "meta": "@sys.ignore",
        "userDefined": false
      }
    ],
    "isTemplate": false,
    "count": 0,
    "updated": 0
  },
  {
    "id": "1d42aae6-f1d4-47f4-89f1-09b47b29d583",
    "data": [
      {
        "text": "5",
        "meta": "@sys.ignore",
        "userDefined": false
      }
    ],
    "isTemplate": false,
    "count": 0,
    "updated": 0
  },
  {
    "id": "14ddde1b-1f26-459f-90e9-2541a8889828",
    "data": [
      {
        "text": "5",
        "meta": "@sys.ignore",
        "userDefined": false
      },
      {
        "text": ".",
        "userDefined": false
      }
    ],
    "isTemplate": false,
    "count": 0,
    "updated": 0
  }
]