[
  {
    "id": "ab8c2497-e026-4e99-a09c-1aeed8bfbc10",
    "data": [
      {
        "text": "quero saber mais sobre o coronavírus",
        "userDefined": false
      }
    ],
    "isTemplate": false,
    "count": 0,
    "updated": 0
  },
  {
    "id": "a9cabe01-ce60-4141-b94d-bcc6f98405d0",
    "data": [
      {
        "text": "me explique o que são os coronavírus",
        "userDefined": false
      }
    ],
    "isTemplate": false,
    "count": 0,
    "updated": 0
  },
  {
    "id": "904790c7-0a95-4ab5-890d-8351e87357d7",
    "data": [
      {
        "text": "O que são os coronavírus?",
        "userDefined": false
      }
    ],
    "isTemplate": false,
    "count": 0,
    "updated": 0
  }
]