[
  {
    "id": "ca206fb8-d510-48a8-9d7d-f97d910f9130",
    "data": [
      {
        "text": "um",
        "meta": "@sys.ignore",
        "userDefined": false
      }
    ],
    "isTemplate": false,
    "count": 0,
    "updated": 0
  },
  {
    "id": "c2ecb64a-fe44-4293-84cc-845407b85707",
    "data": [
      {
        "text": "1",
        "meta": "@sys.ignore",
        "userDefined": false
      }
    ],
    "isTemplate": false,
    "count": 0,
    "updated": 0
  },
  {
    "id": "b95f31f9-2743-4d71-97a2-a25aeac47c47",
    "data": [
      {
        "text": "1",
        "meta": "@sys.ignore",
        "userDefined": false
      },
      {
        "text": ".",
        "userDefined": false
      }
    ],
    "isTemplate": false,
    "count": 0,
    "updated": 0
  }
]