[
  {
    "id": "1ef3f65d-5427-49a5-823b-cd5dd418d962",
    "data": [
      {
        "text": "quero saber mais informações",
        "userDefined": false
      }
    ],
    "isTemplate": false,
    "count": 0,
    "updated": 0
  },
  {
    "id": "4028dbc1-87c7-4855-a483-c184517c81a7",
    "data": [
      {
        "text": "quero saber mais sobre o coronavírus e a covid-",
        "userDefined": false
      },
      {
        "text": "19",
        "meta": "@sys.ignore",
        "userDefined": false
      }
    ],
    "isTemplate": false,
    "count": 0,
    "updated": 0
  },
  {
    "id": "b265c093-e9f1-4701-8e22-45481986232f",
    "data": [
      {
        "text": "quero tirar dúvidas sobre a doença",
        "userDefined": false
      }
    ],
    "isTemplate": false,
    "count": 0,
    "updated": 0
  },
  {
    "id": "955b0dd3-2842-4f0e-a7c0-7b48f56d2074",
    "data": [
      {
        "text": "me ajude a entender essa doença",
        "userDefined": false
      }
    ],
    "isTemplate": false,
    "count": 0,
    "updated": 0
  },
  {
    "id": "b25f7067-a0b7-41bb-b01c-b830d349dbbd",
    "data": [
      {
        "text": "quero tirar dúvidas sobre o coronavírus",
        "userDefined": false
      }
    ],
    "isTemplate": false,
    "count": 0,
    "updated": 0
  },
  {
    "id": "fd701aff-be93-4352-aed0-30d3cad987a0",
    "data": [
      {
        "text": "quero saber mais sobre o covid19",
        "userDefined": false
      }
    ],
    "isTemplate": false,
    "count": 0,
    "updated": 0
  }
]