[
  {
    "id": "113d0a1c-5492-4aeb-b21e-618e9e93e7fa",
    "data": [
      {
        "text": "como vestir a máscara?",
        "userDefined": false
      }
    ],
    "isTemplate": false,
    "count": 0,
    "updated": 0
  },
  {
    "id": "cbf3246a-16ab-4ea5-bb4a-fed5f1ff93ef",
    "data": [
      {
        "text": "qual a maneira correta de utilizar a máscara?",
        "userDefined": false
      }
    ],
    "isTemplate": false,
    "count": 0,
    "updated": 0
  },
  {
    "id": "60d436de-c768-40eb-80d9-0aced7f19b64",
    "data": [
      {
        "text": "Como devo colocar e retirar a máscara cirúrgica?",
        "userDefined": false
      }
    ],
    "isTemplate": false,
    "count": 0,
    "updated": 0
  }
]