[
  {
    "id": "9a73846a-c9d5-4f51-ad4b-172466ea585b",
    "data": [
      {
        "text": "nove",
        "meta": "@sys.ignore",
        "userDefined": false
      }
    ],
    "isTemplate": false,
    "count": 0,
    "updated": 0
  },
  {
    "id": "15a98cc8-ddfa-434f-98a6-6bd69b8b607d",
    "data": [
      {
        "text": "9",
        "meta": "@sys.ignore",
        "userDefined": false
      }
    ],
    "isTemplate": false,
    "count": 0,
    "updated": 0
  },
  {
    "id": "8acc4bfa-e624-4af8-8216-328390ce48d6",
    "data": [
      {
        "text": "9",
        "meta": "@sys.ignore",
        "userDefined": false
      },
      {
        "text": ".",
        "userDefined": false
      }
    ],
    "isTemplate": false,
    "count": 0,
    "updated": 0
  }
]