[
  {
    "id": "d503659a-3689-4feb-aab3-9bf74298780a",
    "data": [
      {
        "text": "8",
        "meta": "@sys.ignore",
        "userDefined": false
      },
      {
        "text": ". Higiene das Mãos e Superfícies",
        "userDefined": false
      }
    ],
    "isTemplate": false,
    "count": 0,
    "lang": "pt-br",
    "updated": 0
  },
  {
    "id": "c6fc792a-62f9-4a84-8d29-5828cf28f4e1",
    "data": [
      {
        "text": "8",
        "meta": "@sys.ignore",
        "userDefined": false
      },
      {
        "text": ".",
        "userDefined": false
      }
    ],
    "isTemplate": false,
    "count": 0,
    "lang": "pt-br",
    "updated": 0
  },
  {
    "id": "8615d0ba-3b2d-4fc3-8ffb-1c4805df7481",
    "data": [
      {
        "text": "8",
        "meta": "@sys.ignore",
        "userDefined": false
      }
    ],
    "isTemplate": false,
    "count": 0,
    "lang": "pt-br",
    "updated": 0
  },
  {
    "id": "7de0dd00-6a17-4b0f-8f65-0439d9cc8058",
    "data": [
      {
        "text": "Higiene das Mãos e Superfícies",
        "userDefined": false
      }
    ],
    "isTemplate": false,
    "count": 0,
    "lang": "pt-br",
    "updated": 0
  }
]