[
  {
    "id": "f0c6a069-4958-4043-8f6a-88e11bf210a5",
    "data": [
      {
        "text": "9",
        "meta": "@sys.ignore",
        "userDefined": false
      },
      {
        "text": ". Comportamento e Hábito de Vida",
        "userDefined": false
      }
    ],
    "isTemplate": false,
    "count": 0,
    "lang": "pt-br",
    "updated": 0
  },
  {
    "id": "f26495a6-fef5-4bbc-9d78-774b61b99fbb",
    "data": [
      {
        "text": "9",
        "meta": "@sys.ignore",
        "userDefined": false
      },
      {
        "text": ".",
        "userDefined": false
      }
    ],
    "isTemplate": false,
    "count": 0,
    "lang": "pt-br",
    "updated": 0
  },
  {
    "id": "6cc4bebd-0996-402b-805c-6e0a0ec1a5d6",
    "data": [
      {
        "text": "9",
        "meta": "@sys.ignore",
        "userDefined": false
      }
    ],
    "isTemplate": false,
    "count": 0,
    "lang": "pt-br",
    "updated": 0
  },
  {
    "id": "71e07e7f-d314-467b-8480-411633581655",
    "data": [
      {
        "text": "Comportamento e Hábito de Vida",
        "userDefined": false
      }
    ],
    "isTemplate": false,
    "count": 0,
    "lang": "pt-br",
    "updated": 0
  }
]