[
  {
    "id": "7d8d93fa-9189-4c26-8548-69185a8f0b05",
    "data": [
      {
        "text": "sete",
        "meta": "@sys.ignore",
        "userDefined": false
      }
    ],
    "isTemplate": false,
    "count": 0,
    "updated": 0
  },
  {
    "id": "0ce745f0-109c-4efd-aa43-8a1107469040",
    "data": [
      {
        "text": "7",
        "meta": "@sys.ignore",
        "userDefined": false
      }
    ],
    "isTemplate": false,
    "count": 0,
    "updated": 0
  },
  {
    "id": "18a22044-3e4f-4e25-b9aa-9955c4e65318",
    "data": [
      {
        "text": "7",
        "meta": "@sys.ignore",
        "userDefined": false
      },
      {
        "text": ".",
        "userDefined": false
      }
    ],
    "isTemplate": false,
    "count": 0,
    "updated": 0
  }
]