[
  {
    "id": "2d0c42ff-eeca-414e-9a79-956837502673",
    "data": [
      {
        "text": "tres",
        "meta": "@sys.ignore",
        "userDefined": false
      }
    ],
    "isTemplate": false,
    "count": 0,
    "updated": 0
  },
  {
    "id": "78eec446-3c6d-400d-b40f-cecdc897e96b",
    "data": [
      {
        "text": "três",
        "meta": "@sys.ignore",
        "userDefined": false
      }
    ],
    "isTemplate": false,
    "count": 0,
    "updated": 0
  },
  {
    "id": "b339ae43-2b37-440d-bb3a-fa0376589afe",
    "data": [
      {
        "text": "3",
        "meta": "@sys.ignore",
        "userDefined": false
      }
    ],
    "isTemplate": false,
    "count": 0,
    "updated": 0
  },
  {
    "id": "d811c3bc-948f-468c-a5e5-f806a1760ba4",
    "data": [
      {
        "text": "3",
        "meta": "@sys.ignore",
        "userDefined": false
      },
      {
        "text": ".",
        "userDefined": false
      }
    ],
    "isTemplate": false,
    "count": 0,
    "updated": 0
  }
]