[
  {
    "id": "893c464b-01be-4742-a010-164c4d97d45f",
    "data": [
      {
        "text": "9",
        "meta": "@sys.ignore",
        "userDefined": false
      }
    ],
    "isTemplate": false,
    "count": 0,
    "updated": 0
  },
  {
    "id": "cd9aaefe-7766-4243-b586-90ceafdaf917",
    "data": [
      {
        "text": "9",
        "meta": "@sys.ignore",
        "userDefined": false
      },
      {
        "text": ".",
        "userDefined": false
      }
    ],
    "isTemplate": false,
    "count": 0,
    "updated": 0
  },
  {
    "id": "64593cf7-9fe5-4259-b8b9-ff765255629b",
    "data": [
      {
        "text": "Uso de Máscara",
        "userDefined": false
      }
    ],
    "isTemplate": false,
    "count": 0,
    "updated": 0
  },
  {
    "id": "5de25913-284f-47f0-917f-2f802e3930d1",
    "data": [
      {
        "text": "9",
        "meta": "@sys.ignore",
        "userDefined": false
      },
      {
        "text": ". Uso de Máscara",
        "userDefined": false
      }
    ],
    "isTemplate": false,
    "count": 0,
    "updated": 0
  }
]