[
  {
    "id": "22b61370-b062-4294-b514-9f6109c44850",
    "data": [
      {
        "text": "o que é ",
        "userDefined": false
      },
      {
        "text": "uma",
        "meta": "@sys.ignore",
        "userDefined": false
      },
      {
        "text": " pandemia?",
        "userDefined": false
      }
    ],
    "isTemplate": false,
    "count": 0,
    "updated": 0
  },
  {
    "id": "e03ddf8d-c911-488b-8945-5383fb29b986",
    "data": [
      {
        "text": "me explique o que é pandemia",
        "userDefined": false
      }
    ],
    "isTemplate": false,
    "count": 0,
    "updated": 0
  },
  {
    "id": "5bcd4fdc-a887-488c-8b97-d2c3c8d6e8ba",
    "data": [
      {
        "text": "O que é pandemia?",
        "userDefined": false
      }
    ],
    "isTemplate": false,
    "count": 0,
    "updated": 0
  }
]