[
  {
    "id": "7db51b27-9495-4b73-b0d3-cd568bf3cdb6",
    "data": [
      {
        "text": "como",
        "meta": "@sys.ignore",
        "userDefined": false
      },
      {
        "text": " ",
        "userDefined": false
      },
      {
        "text": "limpar a casa quando tiver alguém com",
        "meta": "@sys.ignore",
        "userDefined": false
      },
      {
        "text": " coronavírus em casa?",
        "userDefined": false
      }
    ],
    "isTemplate": false,
    "count": 0,
    "updated": 0
  },
  {
    "id": "8970a89b-ca96-46b7-9093-158095185639",
    "data": [
      {
        "text": "Como",
        "meta": "@sys.ignore",
        "userDefined": false
      },
      {
        "text": " fazer ",
        "userDefined": false
      },
      {
        "text": "a limpeza",
        "meta": "@sys.ignore",
        "userDefined": false
      },
      {
        "text": " ",
        "userDefined": false
      },
      {
        "text": "da casa quando houver alguma pessoa com",
        "meta": "@sys.ignore",
        "userDefined": false
      },
      {
        "text": " sintomas gripais?",
        "userDefined": false
      }
    ],
    "isTemplate": false,
    "count": 0,
    "updated": 0
  }
]