[
  {
    "id": "a1558537-ccf5-4916-82cb-9fe1a4507155",
    "data": [
      {
        "text": "A detecção de IgG em ",
        "userDefined": false
      },
      {
        "text": "um",
        "meta": "@sys.ignore",
        "userDefined": false
      },
      {
        "text": " teste sorológico indica que o paciente em questão está imune contra a COVID-",
        "userDefined": false
      },
      {
        "text": "19",
        "meta": "@sys.ignore",
        "userDefined": false
      },
      {
        "text": "?",
        "userDefined": false
      }
    ],
    "isTemplate": false,
    "count": 0,
    "lang": "pt-br",
    "updated": 0
  }
]