[
  {
    "id": "af9018a2-a8bb-424b-9734-ce8f51ee7b18",
    "data": [
      {
        "text": "quatro",
        "meta": "@sys.ignore",
        "userDefined": false
      }
    ],
    "isTemplate": false,
    "count": 0,
    "updated": 0
  },
  {
    "id": "ab76e078-ec7c-47ff-9918-78ae5fad274d",
    "data": [
      {
        "text": "4",
        "meta": "@sys.ignore",
        "userDefined": false
      }
    ],
    "isTemplate": false,
    "count": 0,
    "updated": 0
  },
  {
    "id": "e9e765f2-ff37-473c-8f53-a259bf399b55",
    "data": [
      {
        "text": "4",
        "meta": "@sys.ignore",
        "userDefined": false
      },
      {
        "text": ".",
        "userDefined": false
      }
    ],
    "isTemplate": false,
    "count": 0,
    "updated": 0
  }
]