[
  {
    "id": "df92f170-8f57-463b-b258-624066decccd",
    "data": [
      {
        "text": "Como",
        "meta": "@sys.ignore",
        "userDefined": false
      },
      {
        "text": " devemos ",
        "userDefined": false
      },
      {
        "text": "lavar a roupa de uma pessoa com",
        "meta": "@sys.ignore",
        "userDefined": false
      },
      {
        "text": " coronavírus?",
        "userDefined": false
      }
    ],
    "isTemplate": false,
    "count": 0,
    "updated": 0
  },
  {
    "id": "d19d698b-9083-4bcd-ac25-0f3d520a68b6",
    "data": [
      {
        "text": "Como devemos proceder com",
        "meta": "@sys.ignore",
        "userDefined": false
      },
      {
        "text": " a lavagem das ",
        "userDefined": false
      },
      {
        "text": "roupas",
        "meta": "@sys.ignore",
        "userDefined": false
      },
      {
        "text": " de ",
        "userDefined": false
      },
      {
        "text": "uma",
        "meta": "@sys.ignore",
        "userDefined": false
      },
      {
        "text": " ",
        "userDefined": false
      },
      {
        "text": "pessoa de nossa casa que esteja com",
        "meta": "@sys.ignore",
        "userDefined": false
      },
      {
        "text": " sintomas gripais?",
        "userDefined": false
      }
    ],
    "isTemplate": false,
    "count": 0,
    "updated": 0
  }
]