[
  {
    "id": "d0a06eb1-2076-43a2-98b6-683750b38818",
    "data": [
      {
        "text": "a vacina da gripe é ",
        "userDefined": false
      },
      {
        "text": "um",
        "meta": "@sys.ignore",
        "userDefined": false
      },
      {
        "text": " tratamento eficaz contra o coronavírus?",
        "userDefined": false
      }
    ],
    "isTemplate": false,
    "count": 0,
    "updated": 0
  },
  {
    "id": "5e647435-9239-427f-afb9-d5adcc19a42e",
    "data": [
      {
        "text": "A vacina de gripe protege contra o coronavírus?",
        "userDefined": false
      }
    ],
    "isTemplate": false,
    "count": 0,
    "updated": 0
  }
]