[
  {
    "id": "a2e4f718-9951-44b2-b071-18cbc50eddfe",
    "data": [
      {
        "text": "que cuidados devo tomar ao passear com",
        "meta": "@sys.ignore",
        "userDefined": false
      },
      {
        "text": " cães e animais de estimação em geral?",
        "userDefined": false
      }
    ],
    "isTemplate": false,
    "count": 0,
    "updated": 0
  },
  {
    "id": "32e47810-7c98-47ad-9ec6-2c16f6dd5ddc",
    "data": [
      {
        "text": "Sou ",
        "userDefined": false
      },
      {
        "text": "um",
        "meta": "@sys.ignore",
        "userDefined": false
      },
      {
        "text": "(a) passeador(a) e/ou cuidador(a) de animais. Devo abandonar ",
        "userDefined": false
      },
      {
        "text": "meu emprego",
        "meta": "@sys.ignore",
        "userDefined": false
      },
      {
        "text": "?",
        "userDefined": false
      }
    ],
    "isTemplate": false,
    "count": 0,
    "updated": 0
  }
]