[
  {
    "data": [
      {
        "text": "como devo proceder se tiver alguém com",
        "meta": "@sys.ignore",
        "userDefined": false
      },
      {
        "text": " ",
        "userDefined": false
      },
      {
        "text": "corona",
        "meta": "@sys.ignore",
        "userDefined": false
      },
      {
        "text": " em casa?",
        "userDefined": false
      }
    ],
    "isTemplate": false,
    "count": 0,
    "lang": "pt-br",
    "updated": 0
  },
  {
    "data": [
      {
        "text": "Se houver uma pessoa com",
        "meta": "@sys.ignore",
        "userDefined": false
      },
      {
        "text": " sintomas gripais que ",
        "userDefined": false
      },
      {
        "text": "resida",
        "meta": "@sys.ignore",
        "userDefined": false
      },
      {
        "text": " na mesma casa que eu, ",
        "userDefined": false
      },
      {
        "text": "como",
        "meta": "@sys.ignore",
        "userDefined": false
      },
      {
        "text": " devemos proceder?",
        "userDefined": false
      }
    ],
    "isTemplate": false,
    "count": 0,
    "lang": "pt-br",
    "updated": 0
  }
]