[
  {
    "id": "fa265d8a-1ddb-4082-bc1a-e63786bc8dfd",
    "data": [
      {
        "text": "posso fazer o pré-",
        "userDefined": false
      },
      {
        "text": "natal mesmo com",
        "meta": "@sys.ignore",
        "userDefined": false
      },
      {
        "text": " sintomas de gripe?",
        "userDefined": false
      }
    ],
    "isTemplate": false,
    "count": 0,
    "updated": 0
  },
  {
    "id": "34f8c3f1-b92a-4b1c-902b-4d4802557e2a",
    "data": [
      {
        "text": "posso fazer o pré-",
        "userDefined": false
      },
      {
        "text": "natal",
        "meta": "@sys.ignore",
        "userDefined": false
      },
      {
        "text": " mesmo estando gripada?",
        "userDefined": false
      }
    ],
    "isTemplate": false,
    "count": 0,
    "updated": 0
  },
  {
    "id": "f1e80e26-ce22-4083-a122-d5ccba718ff1",
    "data": [
      {
        "text": "Se estiver gripada, devo realizar minha consulta de pré-",
        "userDefined": false
      },
      {
        "text": "natal",
        "meta": "@sys.ignore",
        "userDefined": false
      },
      {
        "text": " normalmente?",
        "userDefined": false
      }
    ],
    "isTemplate": false,
    "count": 0,
    "updated": 0
  }
]