[
  {
    "id": "34eb286c-37ab-4f84-8be7-b275d1b75121",
    "data": [
      {
        "text": "seis",
        "meta": "@sys.ignore",
        "userDefined": false
      }
    ],
    "isTemplate": false,
    "count": 0,
    "updated": 0
  },
  {
    "id": "baf823d6-f022-4e5d-a6d4-c03afa96c82f",
    "data": [
      {
        "text": "6",
        "meta": "@sys.ignore",
        "userDefined": false
      }
    ],
    "isTemplate": false,
    "count": 0,
    "updated": 0
  },
  {
    "id": "88bc9a25-77b3-4ba1-84ea-f5694d43fd0e",
    "data": [
      {
        "text": "6",
        "meta": "@sys.ignore",
        "userDefined": false
      },
      {
        "text": ".",
        "userDefined": false
      }
    ],
    "isTemplate": false,
    "count": 0,
    "updated": 0
  }
]