[
  {
    "id": "ff1f85e3-eb7a-4a8c-ac77-6c9669f775d8",
    "data": [
      {
        "text": "como o vírus é transmitido?",
        "userDefined": false
      }
    ],
    "isTemplate": false,
    "count": 0,
    "updated": 0
  },
  {
    "id": "dd3ac5c0-5f3a-4ada-9902-7b13d73a16b2",
    "data": [
      {
        "text": "como se dá a transmissão do covid?",
        "userDefined": false
      }
    ],
    "isTemplate": false,
    "count": 0,
    "updated": 0
  },
  {
    "id": "97fd3def-ad1c-4571-9ce0-d4214a9024db",
    "data": [
      {
        "text": "Como o coronavírus é transmitido entre as pessoas?",
        "userDefined": false
      }
    ],
    "isTemplate": false,
    "count": 0,
    "updated": 0
  }
]