[
  {
    "id": "0ac4232a-aaeb-423d-8c07-e31de0ff64f5",
    "data": [
      {
        "text": "Eu me chamo ",
        "userDefined": false
      },
      {
        "text": "Cleiton",
        "alias": "name",
        "meta": "@sys.person",
        "userDefined": false
      }
    ],
    "isTemplate": false,
    "count": 0,
    "updated": 0
  },
  {
    "id": "aa437c6c-8f7a-47e2-ade6-f8947d308320",
    "data": [
      {
        "text": "Joana",
        "alias": "name",
        "meta": "@sys.person",
        "userDefined": false
      }
    ],
    "isTemplate": false,
    "count": 0,
    "updated": 0
  },
  {
    "id": "c7d94dd9-b2b0-40ca-8b11-a92806733aa8",
    "data": [
      {
        "text": "Feminino",
        "alias": "sex",
        "meta": "@sex",
        "userDefined": true
      }
    ],
    "isTemplate": false,
    "count": 0,
    "updated": 0
  },
  {
    "id": "67e8bbee-dd1f-4af8-afdc-32cb107ad030",
    "data": [
      {
        "text": "Eu me chamo ",
        "userDefined": false
      },
      {
        "text": "Tereza",
        "alias": "name",
        "meta": "@sys.person",
        "userDefined": true
      },
      {
        "text": " e tenho ",
        "userDefined": false
      },
      {
        "text": "43",
        "alias": "age",
        "meta": "@sys.number-integer",
        "userDefined": true
      },
      {
        "text": " anos.",
        "userDefined": false
      }
    ],
    "isTemplate": false,
    "count": 0,
    "updated": 0
  },
  {
    "id": "76a2107e-4169-4187-97cb-c16599317666",
    "data": [
      {
        "text": "Eu sou o ",
        "userDefined": false
      },
      {
        "text": "John",
        "alias": "name",
        "meta": "@sys.person",
        "userDefined": false
      }
    ],
    "isTemplate": false,
    "count": 0,
    "updated": 0
  },
  {
    "id": "44035085-dd20-40f6-bac9-28840dea462d",
    "data": [
      {
        "text": "Pode me chamar de ",
        "userDefined": false
      },
      {
        "text": "Inês",
        "alias": "name",
        "meta": "@sys.person",
        "userDefined": false
      },
      {
        "text": ".",
        "userDefined": false
      }
    ],
    "isTemplate": false,
    "count": 0,
    "updated": 0
  },
  {
    "id": "52dc8381-2e95-4e16-8202-ac4401fb9acc",
    "data": [
      {
        "text": "Eu me chamo ",
        "userDefined": false
      },
      {
        "text": "João Carlos",
        "alias": "name",
        "meta": "@sys.person",
        "userDefined": false
      },
      {
        "text": ".",
        "userDefined": false
      }
    ],
    "isTemplate": false,
    "count": 0,
    "updated": 0
  },
  {
    "id": "45664161-1166-4834-b3bb-e7d867f89457",
    "data": [
      {
        "text": "Maria",
        "alias": "name",
        "meta": "@sys.person",
        "userDefined": true
      }
    ],
    "isTemplate": false,
    "count": 0,
    "updated": 0
  },
  {
    "id": "1f8abef3-1d0f-4554-8642-66cb8e0f21ff",
    "data": [
      {
        "text": "Meu nome é ",
        "userDefined": false
      },
      {
        "text": "Thiago",
        "alias": "name",
        "meta": "@sys.person",
        "userDefined": true
      },
      {
        "text": ".",
        "userDefined": false
      }
    ],
    "isTemplate": false,
    "count": 0,
    "updated": 0
  }
]